醫事機構代碼,醫事機構名稱,醫事機構地址,醫事機構電話,成人口罩剩餘數,兒童口罩剩餘數,來源資料時間
0145080011,衛生福利部花蓮醫院豐濱原住民分院,花蓮縣豐濱鄉豐濱村光豐路４１號,(03)8358141,3892,2347,2020/03/12 08:58:24
0291010010,連江縣立醫院,連江縣南竿鄉復興村２１７號,(083)623995,33,584,2020/03/12 08:58:24
2101010013,松山健康服務中心,臺北市松山區八德路４段６９４號１、２樓,(02)27653147,599,2535,2020/03/12 08:58:24
2101020019,大安健康服務中心,臺北市大安區辛亥路３段１５號,(02)27390997,1194,1903,2020/03/12 08:58:24
2101090011,大同健康服務中心,臺北市大同區昌吉街５２號１至２樓,(02)25948971,600,1755,2020/03/12 08:58:24
2101100227,中山健康服務中心,臺北市中山區松江路３６７號１樓,(02)25013363,602,2197,2020/03/12 08:58:24
2101110027,內湖健康服務中心,臺北市內湖區民權東路６段９９號,(02)27908387,600,1083,2020/03/12 08:58:24
2101120014,南港健康服務中心,臺北市南港區南港路１段３６０號１樓,(02)27868756,600,2672,2020/03/12 08:58:24
2101150012,士林健康服務中心,臺北市士林區中正路４３９號１樓,(02)28836268,600,2190,2020/03/12 08:58:24
2101161033,北投健康服務中心,臺北市北投區石牌路２段１１１號,(02)28261026,600,2652,2020/03/12 08:58:24
2101170050,信義健康服務中心,臺北市信義區信義路５段１５號,(02)87804152,597,2284,2020/03/12 08:58:24
2101180038,中正健康服務中心,臺北市中正區牯嶺街２４號,(02)23210168,597,2389,2020/03/12 08:58:24
2101191068,萬華健康服務中心,臺北市萬華區東園街１５２號,(02)23395384,591,1820,2020/03/12 08:58:24
2101200017,政大(文山健康服務中心),臺北市文山區木柵路３段２２０號,(02)22343501,600,2189,2020/03/12 08:58:24
2303240013,臺中市中西區衛生所,臺中市西區民權路１０５號,(04)22223811,2052,1553,2020/03/12 08:58:24
2311010010,基隆市中正區衛生所,基隆市中正區中正路２３６號２樓,(02)24621632,405,2800,2020/03/12 08:58:24
2311020016,基隆市七堵區衛生所,基隆市七堵區光明路２１－１（１－２樓）,(02)24562008,0,2975,2020/03/12 08:58:24
2311030012,基隆市暖暖區衛生所,基隆市暖暖區暖暖街２８１巷９８號,(02)24572630,1345,2608,2020/03/12 08:58:24
2311040018,基隆市仁愛區衛生所,基隆市仁愛區光一路２６號,(02)24311592,0,3278,2020/03/12 08:58:24
2311050014,基隆市中山區衛生所,基隆市中山區中山二路１５號,(02)24229860,975,2458,2020/03/12 08:58:24
2311060010,基隆市安樂區衛生所,基隆市安樂區安樂路２段１６４號１樓前棟,(02)24318061,0,2297,2020/03/12 08:58:24
2311070016,基隆市信義區衛生所,基隆市信義區信一路６９號,(02)24221633,1429,3379,2020/03/12 08:58:24
2312010014,新竹市東區衛生所,新竹市東區民族路４０之２號,(03)5236158,0,1215,2020/03/12 08:58:24
2312041028,新竹市北區衛生所,新竹市北區國華街六十九號一樓,(03)5353969,0,857,2020/03/12 08:58:24
2312050018,新竹市香山衛生所,新竹市香山區牛埔里育德街１８８號２樓,(03)5388109,0,353,2020/03/12 08:58:24
2317020010,臺中市東區衛生所,臺中市東區信義街１４２號,(04)22834121,0,2341,2020/03/12 08:58:24
2317040012,臺中市南區衛生所,臺中市南區工學路７２號２樓,(04)22629735,378,1915,2020/03/12 08:58:24
2317050018,臺中市北區衛生所,臺中市北區永興街３０１號４樓,(04)22359182,1696,2535,2020/03/12 08:58:24
2317060014,臺中市西屯區衛生所,臺中市西屯區西安里西屯路二段２９９號,(04)27027068,663,2531,2020/03/12 08:58:24
2317070010,臺中市南屯區衛生所,臺中市南屯區向心南路８１１號１樓,(04)23827640,195,1604,2020/03/12 08:58:24
2317080016,台中市北屯區軍功衛生所,臺中市北屯區軍功路二段１６號,(04)22393932,644,2505,2020/03/12 08:58:24
2317081022,台中市北屯區四民衛生所,臺中市北屯區后庄路１０６２號,(04)24211945,360,2715,2020/03/12 08:58:24
2321010013,臺南市東區衛生所,臺南市東區龍山里林森路１段４１８號,(06)2673613,3347,2297,2020/03/12 08:58:24
2321020019,臺南市南區衛生所,臺南市南區南都里南和路６號,(06)2618578,1669,2716,2020/03/12 08:58:24
2321030015,臺南市中西區衛生所,臺南市中西區安海里環河街９４號,(06)2252403,3136,2229,2020/03/12 08:58:24
2321040011,臺南巿北區衛生所,臺南市北區公園里西華街５０號,(06)2252404,3137,2328,2020/03/12 08:58:24
2321060013,台南市安南區衛生所,臺南市安南區仁安路７０號２樓,(06)2567406,1273,2355,2020/03/12 08:58:24
2321070019,台南市安平區衛生所,臺南市安平區平通里育平路３１０號,(06)2996885,2225,2375,2020/03/12 08:58:24
2322010017,嘉義市東區衛生所,嘉義市東區大雅路二段６２５號,(05)2750423,2945,2505,2020/03/12 08:58:24
2322020013,嘉義市西區衛生所,嘉義市西區福全里德明路１號,(05)2337355,1146,2393,2020/03/12 08:58:24
2331070012,新北市樹林區衛生所,新北市樹林區樹新路４０－７號１、２樓,(02)26812134,600,1850,2020/03/12 08:58:24
2331080018,新北市鶯歌區衛生所,新北市鶯歌區文化路３８９號,(02)26702304,2,1823,2020/03/12 08:58:24
2331090014,新北市三峽區衛生所,新北市三峽區光明路７１號３樓,(02)26711592,0,2427,2020/03/12 08:58:24
2331100015,新北市淡水區衛生所,新北市淡水區中山路１５８號,(02)26215620,0,2393,2020/03/12 08:58:24
2331120017,新北市瑞芳區衛生所,新北市瑞芳區明燈路３段１號,(02)24972132,18,2012,2020/03/12 08:58:24
2331150015,新北市五股區衛生所,新北市五股區新城三路１１號１樓、２樓及３樓,(02)22917717,597,130,2020/03/12 08:58:24
2331160011,新北市泰山區衛生所,新北市泰山區全興路２１２號３樓,(02)22962858,0,983,2020/03/12 08:58:24
2331170017,新北市林口區衛生所,新北市林口區忠孝二路５５號,(02)26068760,41,1154,2020/03/12 08:58:24
2331180013,新北市深坑區衛生所,新北市深坑區深坑街１６５號１－３樓,(02)26621567,594,2472,2020/03/12 08:58:24
2331190019,新北市石碇區衛生所,新北市石碇區潭邊里碇坪路１段８２號,(02)26631325,107,2084,2020/03/12 08:58:24
2331200010,新北市坪林區衛生所,新北市坪林區坪林街１０４號,(02)26656272,602,917,2020/03/12 08:58:24
2331210016,新北市三芝區衛生所,新北市三芝區中山路１段１２號,(02)26362007,0,1669,2020/03/12 08:58:24
2331220012,新北市石門區衛生所,新北市石門區中山路２８－１號,(02)26381007,336,2660,2020/03/12 08:58:24
2331230018,新北市八里區衛生所,新北市八里區舊城路１６號,(02)26102137,1,1815,2020/03/12 08:58:24
2331240014,新北市平溪區衛生所,新北市平溪區公園街１７號１樓,(02)24951015,132,3216,2020/03/12 08:58:24
2331250010,新北市雙溪區衛生所,新北市雙溪區新基南路１８號,(02)24931211,1915,3110,2020/03/12 08:58:24
2331260016,新北市貢寮區衛生所,新北市貢寮區朝陽街７０巷１０號、新北市貢寮區仁愛路１２８號,(02)24901431,162,2512,2020/03/12 08:58:24
2331270012,新北市金山區衛生所,新北市金山區民生路５９號,(02)24982778,177,2323,2020/03/12 08:58:24
2331280018,新北市萬里區衛生所,新北市萬里區瑪鍊路１５７號１－３樓及地下１樓,(02)24921117,600,2563,2020/03/12 08:58:24
2331290014,新北市烏來區衛生所,新北市烏來區新烏路５段１０９號,(02)26617200,476,1869,2020/03/12 08:58:24
2332030012,桃園市大溪區衛生所,桃園市大溪區仁愛路１號,(03)3882401,0,1618,2020/03/12 08:58:24
2332040018,桃園市楊梅區衛生所,桃園市楊梅區校前路４０９號,(03)4750151,0,1431,2020/03/12 08:58:24
2332060010,桃園市大園區衛生所,桃園市大園區田心里中正西路１９號,(03)3862024,183,2796,2020/03/12 08:58:24
2332080012,桃園市八德區衛生所,桃園市八德區大華里介壽路二段３６１巷２８號,(03)3662781,1,1720,2020/03/12 08:58:24
2332090018,桃園市龍潭區衛生所,桃園市龍潭區中正路２１０號１至２樓,(03)4792033,0,2123,2020/03/12 08:58:24
2332100019,桃園市平鎮區衛生所,桃園市平鎮區新富里１鄰振興路１號,(03)4576624,0,1915,2020/03/12 08:58:24
2332110015,桃園市新屋區衛生所,桃園市新屋區新屋里中山路２３９號,(03)4772018,0,1477,2020/03/12 08:58:24
2332120011,桃園市觀音區衛生所,桃園市觀音區觀新路５８號,(03)4732031,20,2199,2020/03/12 08:58:24
2332130017,桃園市復興區衛生所,桃園市復興區澤仁里中正路２５號,(03)3822325,2729,2030,2020/03/12 08:58:24
2333010014,新竹縣關西鎮衛生所,新竹縣關西鎮中山路２０７號,(03)5872454,4149,2106,2020/03/12 08:58:24
2333020010,新竹縣新埔鎮衛生所,新竹縣新埔鎮新民里中正路７５８號,(03)5882017,609,1740,2020/03/12 08:58:24
2333030016,新竹縣竹東鎮衛生所,新竹縣竹東鎮中正路２２１號,(03)5943566,600,1698,2020/03/12 08:58:24
2333050018,新竹縣竹北市衛生所,新竹縣竹北市光明二街８９號,(03)5533381,600,350,2020/03/12 08:58:24
2333060014,新竹縣湖口鄉衛生所,新竹縣湖口鄉中勢村中興街３６號,(03)5992654,552,945,2020/03/12 08:58:24
2333070010,新竹縣橫山鄉衛生所,新竹縣橫山鄉大肚村３鄰新興街１４１巷１０號,(03)5932004,600,982,2020/03/12 08:58:24
2333080016,新竹縣新豐鄉衛生所,新竹縣新豐鄉重興村萃豐路２１號,(03)5591150,2,1771,2020/03/12 08:58:24
2333090012,新竹縣芎林鄉衛生所,新竹縣芎林鄉文山路５３２號,(03)5924787,0,1696,2020/03/12 08:58:24
2333100013,新竹縣寶山鄉衛生所,新竹縣寶山鄉雙溪村７鄰雙園路二段２７３號,(03)5292106,600,603,2020/03/12 08:58:24
2333110019,新竹縣北埔鄉衛生所,新竹縣北埔鄉北埔街９０號,(03)5801677,340,2519,2020/03/12 08:58:24
2333120015,新竹縣峨眉鄉衛生所,新竹縣峨眉鄉峨眉村峨眉街２鄰５號,(03)5800314,438,2367,2020/03/12 08:58:24
2333130011,新竹縣尖石鄉衛生所,新竹縣尖石鄉嘉樂村２鄰６１號,(03)5842356,414,1505,2020/03/12 08:58:24
2333140017,新竹縣五峰鄉衛生所,新竹縣五峰鄉大隘村六鄰９９號,(03)5851005,1278,1126,2020/03/12 08:58:24
2334010018,宜蘭縣宜蘭市衛生所,宜蘭縣宜蘭市健康路二段２－２號１樓,(03)9322362,478,2278,2020/03/12 08:58:24
2334020014,宜蘭縣羅東鎮衛生所,宜蘭縣羅東鎮民生路７９號,(03)9542321,595,2869,2020/03/12 08:58:24
2334030010,宜蘭縣蘇澳鎮衛生所,宜蘭縣蘇澳鎮志成路６０號,(03)9962185,1250,2616,2020/03/12 08:58:24
2334040016,宜蘭縣頭城鎮衛生所,宜蘭縣頭城鎮吉祥路１５號,(03)9771034,811,2277,2020/03/12 08:58:24
2334050012,宜蘭縣礁溪鄉衛生所,宜蘭縣礁溪鄉礁溪路４段１２６號,(03)9882908,0,1808,2020/03/12 08:58:24
2334060018,宜蘭縣壯圍鄉衛生所,宜蘭縣壯圍鄉中央路２段２９０號,(03)9385503,72,2183,2020/03/12 08:58:24
2334070014,宜蘭縣員山鄉衛生所,宜蘭縣員山鄉復興路２號,(03)9221575,641,2834,2020/03/12 08:58:24
2334081026,宜蘭縣冬山鄉衛生所,宜蘭縣冬山鄉中正路１６號,(03)9594772,852,2525,2020/03/12 08:58:24
2334090016,宜蘭縣五結鄉衛生所,宜蘭縣五結鄉五結路２段３３７號,(03)9501564,240,2099,2020/03/12 08:58:24
2334100017,宜蘭縣三星鄉衛生所,宜蘭縣三星鄉三星路５段７０號,(03)9892227,216,2172,2020/03/12 08:58:24
2334110013,宜蘭縣大同鄉衛生所,宜蘭縣大同鄉崙埤村朝陽４０號,(03)9801175,1873,2072,2020/03/12 08:58:24
2334120019,宜蘭縣南澳鄉衛生所,宜蘭縣南澳鄉蘇花路２段３７５號,(03)9981019,3796,1932,2020/03/12 08:58:24
2335010012,苗栗縣苗栗市衛生所,苗栗縣苗栗市建民街２８號,(037)277129,249,2248,2020/03/12 08:58:24
2335020018,苗栗縣苑裡鎮衛生所,苗栗縣苑裡鎮客庄里公民街１６號,(037)869595,0,2038,2020/03/12 08:58:24
2335030014,苗栗縣通霄鎮衛生所,苗栗縣通霄鎮通東里中正路９－６號,(037)752048,8,3,2020/03/12 08:58:24
2335040010,苗栗縣竹南鎮衛生所,苗栗縣竹南鎮大營路２０９號,(037)470152,2,1153,2020/03/12 08:58:24
2335050016,苗栗縣頭份市衛生所,苗栗縣頭份市顯會路７２號,(037)663049,21,25,2020/03/12 08:58:24
2335060012,苗栗縣後龍鎮衛生所,苗栗縣後龍鎮大庄里21鄰光華路３７１號,(037)722008,327,2276,2020/03/12 08:58:24
2335070018,苗栗縣卓蘭鎮衛生所,苗栗縣卓蘭鎮老庄里中正路１４２號,(04)25892027,1344,2455,2020/03/12 08:58:24
2335080014,苗栗縣大湖鄉衛生所,苗栗縣大湖鄉明湖村中原路８７號,(037)991034,397,1643,2020/03/12 08:58:24
2335090010,苗栗縣公館鄉衛生所,苗栗縣公館鄉館中村大同路７５號,(037)224732,654,1542,2020/03/12 08:58:24
2335100011,苗栗縣銅鑼鄉衛生所,苗栗縣銅鑼鄉銅鑼村新興路８１號,(037)981006,0,1415,2020/03/12 08:58:24
2335110017,苗栗縣南庄鄉衛生所,苗栗縣南庄鄉東村大同路１７號,(037)822024,82,1510,2020/03/12 08:58:24
2335120013,苗栗縣頭屋鄉衛生所,苗栗縣頭屋鄉頭屋村中山街５６巷５４號,(037)253534,381,1982,2020/03/12 08:58:24
2335130019,苗栗縣三義鄉衛生所,苗栗縣三義鄉復興路45號,(037)872014,2,2663,2020/03/12 08:58:24
2335140015,苗栗縣西湖鄉衛生所,苗栗縣西湖鄉龍洞村１鄰１６號,(037)921211,600,2181,2020/03/12 08:58:24
2335150011,苗栗縣造橋鄉衛生所,苗栗縣造橋鄉造橋村１４鄰８－２號,(037)542755,39,485,2020/03/12 08:58:24
2335160017,苗栗縣三灣鄉衛生所,苗栗縣三灣鄉三灣村親民路１７號,(037)831140,285,1607,2020/03/12 08:58:24
2335170013,苗栗縣獅潭鄉衛生所,苗栗縣獅潭鄉新店村１３０之６號,(037)931309,1207,2214,2020/03/12 08:58:24
2335180019,苗栗縣泰安鄉衛生所,苗栗縣泰安鄉清安村２鄰７２號,(037)941054,1146,1612,2020/03/12 08:58:24
2336010016,臺中市豐原區衛生所,臺中市豐原區西勢里中興路１３６號,(04)25261170,600,2256,2020/03/12 08:58:24
2336020012,臺中市東勢區衛生所,臺中市東勢區中寧里豐勢路４９０號,(04)25873872,2800,3098,2020/03/12 08:58:24
2336030018,臺中市大甲區衛生所,臺中市大甲區德興路８１號,(04)26872153,0,1932,2020/03/12 08:58:24
2336040014,臺中市清水區衛生所,臺中市清水區中山路９２號,(04)26222639,0,1210,2020/03/12 08:58:24
2336050010,臺中市沙鹿區衛生所,臺中市沙鹿區洛泉里文昌路２０號,(04)26625040,0,1260,2020/03/12 08:58:24
2336060016,臺中市梧棲區衛生所,臺中市梧棲區雲集街７０巷３號,(04)26562809,0,15,2020/03/12 08:58:24
2336070012,臺中市后里區衛生所,臺中市后里區墩西里公安路８６號,(04)25562048,714,1812,2020/03/12 08:58:24
2336080018,臺中市神岡區衛生所,臺中市神岡區神岡里神岡路２號,(04)25622792,0,951,2020/03/12 08:58:24
2336090014,臺中市潭子區衛生所,臺中市潭子區中山路２段２４１巷５號,(04)25324643,30,2305,2020/03/12 08:58:24
2336100015,臺中市大雅區衛生所,臺中市大雅區中清東路２３２號,(04)25661091,0,1457,2020/03/12 08:58:24
2336110011,臺中市新社區衛生所,臺中市新社區新社里興社街４段１號,(04)25811704,1189,2456,2020/03/12 08:58:24
2336120017,臺中市石岡區衛生所,臺中市石岡區石岡街６號,(04)25721887,39,2190,2020/03/12 08:58:24
2336130013,臺中市外埔區衛生所,臺中市外埔區甲后路三段１０６２號,(04)26833208,0,2530,2020/03/12 08:58:24
2336140019,臺中市大安區衛生所,臺中市大安區中山南路３３３號,(04)26713681,123,2203,2020/03/12 08:58:24
2336150015,臺中市烏日區衛生所,臺中市烏日區烏日里長樂街１３６號,(04)23381027,102,2443,2020/03/12 08:58:24
2336160011,臺中市大肚區衛生所,臺中市大肚區頂街里榮華街１號,(04)26996311,1,1622,2020/03/12 08:58:24
2336170017,臺中市龍井區衛生所,臺中市龍井區竹坑里沙田路４段２４３號,(04)26352228,0,1300,2020/03/12 08:58:24
2336180013,台中市霧峰區衛生所,臺中市霧峰區本堂里民生路１－９號,(04)23393022,0,2397,2020/03/12 08:58:24
2336190019,臺中市太平區衛生所,臺中市太平區中山路１段２１３之１號,(04)23938083,249,2374,2020/03/12 08:58:24
2336200010,臺中市大里區衛生所,臺中市大里區大衛路８２號,(04)24061500,132,1982,2020/03/12 08:58:24
2336210025,臺中市和平區衛生所,臺中市和平區南勢里東關路３段１３２號,(04)25942781,3076,1896,2020/03/12 08:58:24
2336210034,臺中市和平區梨山衛生所,臺中市和平區梨山里中正路６８號,(04)25989540,2867,2173,2020/03/12 08:58:24
2337010010,彰化縣彰化市南西北區衛生所,彰化縣彰化市華北里旭光路１６６號,(04)7282141,320,2057,2020/03/12 08:58:24
2337010029,彰化縣彰化市東區衛生所,彰化縣彰化市香山里彰南路２段３４６巷３１弄２６號,(04)7381647,1202,2499,2020/03/12 08:58:24
2337020016,彰化縣鹿港鎮衛生所,彰化縣鹿港鎮順興里復興路４２３號,(04)7772309,6,1507,2020/03/12 08:58:24
2337030012,彰化縣和美鎮衛生所,彰化縣和美鎮和東里彰美路５段３１９號,(04)7552744,2,743,2020/03/12 08:58:24
2337040018,彰化縣北斗鎮衛生所,彰化縣北斗鎮光復里地政路４０６巷１７號,(04)8882059,3066,2358,2020/03/12 08:58:24
2337050014,彰化縣員林市衛生所,彰化縣員林市仁美里博愛路２２９號,(04)7060230,360,2449,2020/03/12 08:58:24
2337060010,彰化縣溪湖鎮衛生所,彰化縣溪湖鎮湖東里青雅路３６號,(04)8815112,2899,2312,2020/03/12 08:58:24
2337070016,彰化縣田中鎮衛生所,彰化縣田中鎮西路里斗中路一段２２２號,(04)8742053,4021,2290,2020/03/12 08:58:24
2337080012,彰化縣二林鎮衛生所,彰化縣二林鎮豐田里斗苑路四段６８９號,(04)8960035,3322,1807,2020/03/12 08:58:24
2337090018,彰化縣線西鄉衛生所,彰化縣線西鄉寓埔村和線路９５７巷２號,(04)7585201,173,1594,2020/03/12 08:58:24
2337100019,彰化縣伸港鄉衛生所,彰化縣伸港鄉大同村中興路２段１９７號,(04)7982034,4,1918,2020/03/12 08:58:24
2337110015,彰化縣福興鄉衛生所,彰化縣福興鄉福興村福興路５１巷２號,(04)7772371,180,1851,2020/03/12 08:58:24
2337120020,彰化縣秀水鄉衛生所,彰化縣秀水鄉安東村中山路２８８號,(04)7693001,273,2217,2020/03/12 08:58:24
2337130017,彰化縣花壇鄉衛生所,彰化縣花壇鄉長沙村中正路１１號,(04)7862035,386,2462,2020/03/12 08:58:24
2337140013,彰化縣芬園鄉衛生所,彰化縣芬園鄉社口村公園１街１１號,(049)2522904,737,2506,2020/03/12 08:58:24
2337150019,彰化縣大村鄉衛生所,彰化縣大村鄉大村村中正西路３４０號,(04)8520513,213,2224,2020/03/12 08:58:24
2337160015,彰化縣埔鹽鄉衛生所,彰化縣埔鹽鄉好修村員鹿路二段５８號,(04)8653596,785,1935,2020/03/12 08:58:24
2337170011,彰化縣埔心鄉衛生所,彰化縣埔心鄉義民村員鹿路２段３４０號,(04)8294611,457,1888,2020/03/12 08:58:24
2337180017,彰化縣永靖鄉衛生所,彰化縣永靖鄉永西村西興路９１號,(04)8221057,351,2319,2020/03/12 08:58:24
2337190013,彰化縣社頭鄉衛生所,彰化縣社頭鄉社頭村員集路二段４０９號,(04)8732038,828,2139,2020/03/12 08:58:24
2337200014,彰化縣二水鄉衛生所,彰化縣二水鄉二水村過圳路１９號,(04)8791077,6760,3842,2020/03/12 08:58:24
2337210010,彰化縣田尾鄉衛生所,彰化縣田尾鄉饒平村光復路２段６０８號,(04)8832145,1250,2209,2020/03/12 08:58:24
2337220016,彰化縣埤頭鄉衛生所,彰化縣埤頭鄉合興村健安街１１９號,(04)8922445,1039,2359,2020/03/12 08:58:24
2337230012,彰化縣芳苑鄉衛生所,彰化縣芳苑鄉芳苑村斗苑路芳苑段１９４巷４８號,(04)8983134,4271,2366,2020/03/12 08:58:24
2337240018,彰化縣大城鄉衛生所,彰化縣大城鄉大城村中平路１２６號,(04)8941323,1086,2354,2020/03/12 08:58:24
2337250014,彰化縣竹塘鄉衛生所,彰化縣竹塘鄉竹塘村竹林路１段３０４號,(04)8972009,3460,2243,2020/03/12 08:58:24
2337260010,彰化縣溪州鄉衛生所,彰化縣溪州鄉尾厝村溪下路５７０號,(04)8895023,2114,2684,2020/03/12 08:58:24
2338010014,南投縣南投市衛生所,南投縣南投市三和里三和一路１３號,(049)2223264,0,1038,2020/03/12 08:58:24
2338020010,南投縣埔里鎮衛生所,南投縣埔里鎮中山路二段２５６號,(049)2982157,2579,2279,2020/03/12 08:58:24
2338030016,南投縣草屯鎮衛生所,南投縣草屯鎮草溪路８８２巷７號,(049)2362023,1,1851,2020/03/12 08:58:24
2338040012,南投縣竹山鎮衛生所,南投縣竹山鎮公所路１２６號,(049)2642026,5448,2654,2020/03/12 08:58:24
2338050018,南投縣集集鎮衛生所,南投縣集集鎮民生路１０６號,(049)2762015,740,2635,2020/03/12 08:58:24
2338060014,南投縣名間鄉衛生所,南投縣名間鄉中正村彰南路４２號,(049)2732135,617,2209,2020/03/12 08:58:24
2338070010,南投縣鹿谷鄉衛生所,南投縣鹿谷鄉中正路二段２０號,(049)2752002,702,1871,2020/03/12 08:58:24
2338080016,南投縣中寮鄉衛生所,南投縣中寮鄉永平村永昌街１０２號,(049)2691404,30,1470,2020/03/12 08:58:24
2338090012,南投縣魚池鄉衛生所,南投縣魚池鄉東池村魚池街１９４號,(049)2895513,1338,2750,2020/03/12 08:58:24
2338100013,南投縣國姓鄉衛生所,南投縣國姓鄉國姓村民族街４２號,(049)2721009,2841,2050,2020/03/12 08:58:24
2338110019,南投縣水里鄉衛生所,南投縣水里鄉博愛路２０５號,(049)2770079,2047,2364,2020/03/12 08:58:24
2338120015,南投縣信義鄉衛生所,南投縣信義鄉明德村玉山路４５號,(049)2791148,1451,1166,2020/03/12 08:58:24
2338130011,南投縣仁愛鄉衛生所,南投縣仁愛鄉大同村五福巷１７號,(049)2802341,5844,2304,2020/03/12 08:58:24
2339040016,雲林縣西螺鎮衛生所,雲林縣西螺鎮福興里修文路１１０號,(05)5862130,4851,2547,2020/03/12 08:58:24
2339050012,雲林縣土庫鎮衛生所,雲林縣土庫鎮忠正里中山路２５４號,(05)6622638,5209,2447,2020/03/12 08:58:24
2339060018,北港鎮衛生所,雲林縣北港鎮北辰路３號,(05)7832103,3672,2145,2020/03/12 08:58:24
2339070014,雲林縣古坑鄉衛生所,雲林縣古坑鄉西平村中山路３９１號,(05)5821132,5507,2625,2020/03/12 08:58:24
2339100017,雲林縣林內鄉衛生所,雲林縣林內鄉新興路５４號,(05)5892273,2722,2402,2020/03/12 08:58:24
2339110013,雲林縣二崙鄉衛生所,雲林縣二崙鄉崙西村中興路９、１１號,(05)5982004,3487,1967,2020/03/12 08:58:24
2339120019,雲林縣崙背鄉衛生所,雲林縣崙背鄉南陽村南光路３４號,(05)6962009,4141,2653,2020/03/12 08:58:24
2339130015,雲林縣麥寮鄉衛生所,雲林縣麥寮鄉麥豐村光復路４號,(05)6932268,3159,2300,2020/03/12 08:58:24
2339180015,雲林縣四湖鄉衛生所,雲林縣四湖鄉施湖村中山西路１１８號,(05)7872890,4122,2537,2020/03/12 08:58:24
2339200012,雲林縣水林鄉衛生所,雲林縣水林鄉水北村水林路８號,(05)7852612,6143,2720,2020/03/12 08:58:24
2340010015,嘉義縣朴子市衛生所,嘉義縣朴子市安福里光復路４０號,(05)3792037,1969,2377,2020/03/12 08:58:24
2340020011,嘉義縣布袋鎮衛生所,嘉義縣布袋鎮新厝里２１號,(05)3472032,1488,2703,2020/03/12 08:58:24
2340030017,嘉義縣大林鎮衛生所,嘉義縣大林鎮平林里中山路２５２號,(05)2652042,1234,2527,2020/03/12 08:58:24
2340040013,嘉義縣民雄鄉衛生所,嘉義縣民雄鄉中樂村文化路７之２號,(05)2262018,3288,2392,2020/03/12 08:58:24
2340050019,嘉義縣溪口鄉衛生所,嘉義縣溪口鄉溪北村二鄰中山路１號,(05)2691046,5690,2860,2020/03/12 08:58:24
2340060015,嘉義縣新港鄉衛生所,嘉義縣新港鄉宮前村中山路１６７號,(05)3742025,215,2720,2020/03/12 08:58:24
2340070011,嘉義縣六腳鄉衛生所,嘉義縣六腳鄉蒜頭村１５鄰蒜頭７３－１號,(05)3802016,631,2866,2020/03/12 08:58:24
2340080017,嘉義縣東石鄉衛生所,嘉義縣東石鄉東石村３之７號,(05)3732340,1412,2564,2020/03/12 08:58:24
2340090013,嘉義縣義竹鄉衛生所,嘉義縣義竹鄉仁里村義竹４２２－１號,(05)3412032,3349,2428,2020/03/12 08:58:24
2340100014,嘉義縣鹿草鄉衛生所,嘉義縣鹿草鄉西井村１２鄰長壽路２２６巷２號,(05)3752080,1328,2925,2020/03/12 08:58:24
2340110010,嘉義縣太保市衛生所,嘉義縣太保市後潭里４４３號,(05)3711273,2256,2820,2020/03/12 08:58:24
2340120016,嘉義縣水上鄉衛生所,嘉義縣水上鄉水上村正義路１４５號,(05)2682059,1873,2553,2020/03/12 08:58:24
2340130012,嘉義縣中埔鄉衛生所,嘉義縣中埔鄉中埔村中埔１３０號之１,(05)2531008,2783,1711,2020/03/12 08:58:24
2340140018,嘉義縣竹崎鄉衛生所,嘉義縣竹崎鄉竹崎村文化路１９－１號,(05)2611264,2768,2511,2020/03/12 08:58:24
2340150014,嘉義縣梅山鄉衛生所,嘉義縣梅山鄉華山路１８號,(05)2621249,2400,2347,2020/03/12 08:58:24
2340160010,嘉義縣番路鄉衛生所,嘉義縣番路鄉下坑村菜公店６０號,(05)2591148,2403,2322,2020/03/12 08:58:24
2340170016,嘉義縣大埔鄉衛生所,嘉義縣大埔鄉大埔村５３－１號,(05)2521214,3146,2518,2020/03/12 08:58:24
2340180012,嘉義縣阿里山鄉衛生所,嘉義縣阿里山鄉樂野村３鄰９７－２號,(05)2561573,1443,1299,2020/03/12 08:58:24
2341010019,臺南市新營區衛生所,臺南市新營區大宏里三民路７２號,(06)6329421,5171,2573,2020/03/12 08:58:24
2341020015,臺南市鹽水區衛生所,臺南市鹽水區武廟路１號,(06)6521041,1070,2182,2020/03/12 08:58:24
2341030011,臺南市白河區衛生所,臺南市白河區永安里國光路５號,(06)6852014,5138,2388,2020/03/12 08:58:24
2341040017,臺南市麻豆區衛生所,臺南市麻豆區巷口里興國路１１一１號,(06)5722215,2504,2364,2020/03/12 08:58:24
2341050013,臺南市佳里區衛生所,臺南市佳里區東寧里進學路１５９號,(06)7224106,4851,2599,2020/03/12 08:58:24
2341060019,臺南市新化區衛生所,臺南市新化區健康路十三鄰１４３號,(06)5905398,3237,2799,2020/03/12 08:58:24
2341070015,臺南市善化區衛生所,臺南市善化區光文里中山路２００號,(06)5837035,2210,2329,2020/03/12 08:58:24
2341080011,臺南市學甲區衛生所,臺南市學甲區仁得里建國路３８號１樓,(06)7833359,3995,2391,2020/03/12 08:58:24
2341090017,臺南市柳營區衛生所,臺南市柳營區士林里５４之５號,(06)6220464,5230,2664,2020/03/12 08:58:24
2341100018,臺南市後壁區衛生所,臺南市後壁區後壁里３號,(06)6872624,4886,2462,2020/03/12 08:58:24
2341110014,臺南市東山區衛生所,臺南市東山區東山里２３６號１樓,(06)6802618,4342,2486,2020/03/12 08:58:24
2341120010,臺南市下營區衛生所,臺南市下營區營前里中山路二段１３７號,(06)6892149,4939,2785,2020/03/12 08:58:24
2341130016,台南市六甲區衛生所,臺南市六甲區二甲里２６鄰中華路１１０號,(06)6982013,5064,2834,2020/03/12 08:58:24
2341140012,臺南市官田區衛生所,臺南市官田區隆田里中山路一段１２８號,(06)5791493,3846,2286,2020/03/12 08:58:24
2341150018,臺南市大內區衛生所,臺南市大內區大內里２號,(06)5761044,4330,2432,2020/03/12 08:58:24
2341160014,臺南市西港區衛生所,臺南市西港區西港里中山路３６８號,(06)7952338,3024,2162,2020/03/12 08:58:24
2341170010,臺南市七股區衛生所,臺南市七股區大埕里３７９號,(06)7872277,2464,2060,2020/03/12 08:58:24
2341180016,臺南市將軍區衛生所,臺南市將軍區忠興里１８５－６號,(06)7942007,3278,2293,2020/03/12 08:58:24
2341190012,臺南市北門區衛生所,臺南市北門區北門里港北５０號,(06)7862043,4267,2225,2020/03/12 08:58:24
2341200013,台南市新市區衛生所,臺南市新市區新市里中興街１２號,(06)5992504,2116,2626,2020/03/12 08:58:24
2341210019,臺南市安定區衛生所,臺南市安定區安定里５９－１號,(06)5922022,143,1455,2020/03/12 08:58:24
2341220015,臺南市山上區衛生所,臺南市山上區山上里３５－２號,(06)5781013,4082,2611,2020/03/12 08:58:24
2341230011,臺南市玉井區衛生所,臺南市玉井區玉田里中正路５號,(06)5742275,4655,2803,2020/03/12 08:58:24
2341240017,臺南市楠西區衛生所,臺南市楠西區楠西里中正路２２６號,(06)5751006,3866,2340,2020/03/12 08:58:24
2341250013,台南市南化區衛生所,臺南市南化區南化里２２６－１號,(06)5771139,2804,2577,2020/03/12 08:58:24
2341260019,臺南市左鎮區衛生所,臺南市左鎮區中正里１７２之１５號,(06)5731114,5306,2455,2020/03/12 08:58:24
2341270015,台南市仁德區衛生所,臺南市仁德區仁德里中山路６０６巷２號,(06)2704153,3456,2431,2020/03/12 08:58:24
2341280011,台南市歸仁區衛生所,臺南市歸仁區中正北路１段１號,(06)2304030,2082,2435,2020/03/12 08:58:24
2341290017,台南市關廟區衛生所,臺南市關廟區山西里中正路１０００號,(06)5952395,1394,2711,2020/03/12 08:58:24
2341300018,臺南市龍崎區衛生所,臺南市龍崎區崎頂里新市子１５８號,(06)5941397,2550,3147,2020/03/12 08:58:24
2341310014,臺南市永康區衛生所,臺南市永康區永康里文化路５１號,(06)2326507,2784,2200,2020/03/12 08:58:24
2342010013,高雄市鳳山區衛生所,高雄市鳳山區經武路３４巷２號,(07)7430437,1436,2388,2020/03/12 08:58:24
2342020019,高雄市岡山區衛生所,高雄市岡山區壽天里公園路５０號,(07)6212015,0,2499,2020/03/12 08:58:24
2342030015,高雄市旗山區衛生所,高雄市旗山區中正路１９７號,(07)6612054,4533,2601,2020/03/12 08:58:24
2342040011,高雄市美濃區衛生所,高雄市美濃區美中路２４６號,(07)6812064,2170,2534,2020/03/12 08:58:24
2342050017,高雄市林園區衛生所,高雄市林園區林園里林園北路186號,(07)6412404,0,2561,2020/03/12 08:58:24
2342060013,高雄市大寮區衛生所,高雄市大寮區永芳里進學路１２９巷２－１號,(07)7816819,1,2635,2020/03/12 08:58:24
2342070019,高雄市大樹區衛生所,高雄市大樹區龍目路１５８號,(07)6512935,0,2090,2020/03/12 08:58:24
2342080015,高雄市仁武區衛生所,高雄市仁武區仁武里地政街２３號,(07)3711434,726,1600,2020/03/12 08:58:24
2342100012,高雄市鳥松區衛生所,高雄市鳥松區鳥松里文前路文北巷一弄４號,(07)7316404,0,2040,2020/03/12 08:58:24
2342110018,高雄市橋頭區衛生所,高雄市橋頭區橋頭里隆豊路５號,(07)6113516,0,2609,2020/03/12 08:58:24
2342120014,高雄市燕巢區衛生所,高雄市燕巢區南燕里中興路２號,(07)6161148,600,2010,2020/03/12 08:58:24
2342130010,高雄市田寮區衛生所,高雄市田寮區南安里崗北路３２號,(07)6361504,741,2914,2020/03/12 08:58:24
2342140016,高雄市阿蓮區衛生所,高雄市阿蓮區民生路９４－１號,(07)6317141,572,2295,2020/03/12 08:58:24
2342150012,高雄市路竹區衛生所,高雄市路竹區竹南里國昌路８６巷２２號,(07)6962449,192,2810,2020/03/12 08:58:24
2342160018,高雄市湖內區衛生所,高雄市湖內區湖中路２０３號,(07)6993009,226,2138,2020/03/12 08:58:24
2342170014,高雄市茄萣區衛生所,高雄市茄萣區吉定里濱海路二段１號,(07)6989275,93,2440,2020/03/12 08:58:24
2342180010,高雄市永安區衛生所,高雄市永安區永安路２６號,(07)6912015,597,1304,2020/03/12 08:58:24
2342190016,高雄市彌陀區衛生所,高雄市彌陀區彌仁里中華路一巷五弄一號,(07)6175307,1399,2383,2020/03/12 08:58:24
2342200017,高雄市梓官區衛生所,高雄市梓官區梓信里公館路４５號,(07)6103050,906,2590,2020/03/12 08:58:24
2342210013,高雄市六龜區衛生所,高雄市六龜區民治路１６號,(07)6891244,5776,2539,2020/03/12 08:58:24
2342220019,高雄市甲仙區衛生所,高雄市甲仙區和安里中山路５２號,(07)6751029,8293,3320,2020/03/12 08:58:24
2342230015,高雄市杉林區衛生所,高雄市杉林區上平里山仙路９３巷２號,(07)6771319,3344,2287,2020/03/12 08:58:24
2342240011,高雄市內門區衛生所,高雄市內門區觀亭里１６鄰中埔頭２０號,(07)6671088,4235,2376,2020/03/12 08:58:24
2342250017,高雄市茂林區衛生所,高雄市茂林區茂林里茂林巷８－４號,(07)6801046,6364,2669,2020/03/12 08:58:24
2342260013,高雄市桃源區衛生所,高雄市桃源區桃源里南進巷１８８－１號,(07)6861126,6089,2373,2020/03/12 08:58:24
2342270019,高雄市那瑪夏區衛生所,高雄市那瑪夏區瑪雅里６鄰平和巷２５２號,(07)6701142,7099,2122,2020/03/12 08:58:24
2343010017,屏東縣屏東市衛生所,屏東縣屏東市建國路９２號,(08)7538701,529,1650,2020/03/12 08:58:24
2343020013,屏東縣潮州鎮衛生所,屏東縣潮州鎮三共里永坤路１０７號,(08)7882131,2175,2297,2020/03/12 08:58:24
2343030019,屏東縣東港鎮衛生所,屏東縣東港鎮朝安里新生三路２３號,(08)8325310,504,2374,2020/03/12 08:58:24
2343040015,屏東縣恆春鎮衛生所,屏東縣恆春鎮城南里文化路７８號,(08)8892140,456,995,2020/03/12 08:58:24
2343050011,屏東縣萬丹鄉衛生所,屏東縣萬丹鄉四維村萬丹路一段５０１號,(08)7772049,276,1920,2020/03/12 08:58:24
2343060017,屏東縣長治鄉衛生所,屏東縣長治鄉進興村潭頭路３號,(08)7368734,631,2479,2020/03/12 08:58:24
2343070013,屏東縣麟洛鄉衛生所,屏東縣麟洛鄉麟蹄村中山路１５６－１號,(08)7221152,1260,2322,2020/03/12 08:58:24
2343080019,屏東縣九如鄉衛生所,屏東縣九如鄉九如路二段２４７號,(08)7392006,805,1745,2020/03/12 08:58:24
2343090015,屏東縣里港鄉衛生所,屏東縣里港鄉大平村中山路１０３–１號,(08)7751711,459,1740,2020/03/12 08:58:24
2343100016,屏東縣鹽埔鄉衛生所,屏東縣鹽埔鄉鹽北村勝利路１８７號,(08)7932474,801,2243,2020/03/12 08:58:24
2343110012,屏東縣高樹鄉衛生所,屏東縣高樹鄉長榮村南昌路１２–２號,(08)7962026,3104,2064,2020/03/12 08:58:24
2343120018,屏東縣萬巒鄉衛生所,屏東縣萬巒鄉萬全村褒忠路１４－２號,(08)7811794,3362,1715,2020/03/12 08:58:24
2343130014,屏東縣內埔鄉衛生所,屏東縣內埔鄉內埔村中興路１９１號,(08)7792414,0,225,2020/03/12 08:58:24
2343140010,屏東縣竹田鄉衛生所,屏東縣竹田鄉竹田村中山路２５號,(08)7710445,438,2287,2020/03/12 08:58:24
2343150016,屏東縣新埤鄉衛生所,屏東縣新埤鄉新埤村中正路３８號,(08)7971090,2619,2662,2020/03/12 08:58:24
2343160012,屏東縣枋寮鄉衛生所,屏東縣枋寮鄉枋寮村德興路７７號,(08)8782940,531,2045,2020/03/12 08:58:24
2343170018,屏東縣新園鄉衛生所,屏東縣新園鄉仙吉村仙吉路８９－２號,(08)8681293,168,1524,2020/03/12 08:58:24
2343180014,屏東縣崁頂鄉衛生所,屏東縣崁頂鄉崁頂村興農路２９–９號,(08)8631454,222,1719,2020/03/12 08:58:24
2343190010,屏東縣林邊鄉衛生所,屏東縣林邊鄉光林村和平路４５號,(08)8752076,1980,2502,2020/03/12 08:58:24
2343200011,屏東縣南州鄉衛生所,屏東縣南州鄉溪南村人和路２３９號,(08)8642224,2197,2624,2020/03/12 08:58:24
2343210017,屏東縣佳冬鄉衛生所,屏東縣佳冬鄉六根村佳和路８７－１號,(08)8662018,135,2354,2020/03/12 08:58:24
2343220013,屏東縣琉球鄉衛生所,屏東縣琉球鄉本福村中山路５１號,(08)8612513,204,2108,2020/03/12 08:58:24
2343230019,屏東縣車城鄉衛生所,屏東縣車城鄉福安村福安路２之３０號,(08)8821300,1939,2591,2020/03/12 08:58:24
2343240015,屏東縣滿州鄉衛生所,屏東縣滿州鄉滿州村中山路３１號,(08)8801279,1024,1564,2020/03/12 08:58:24
2343250011,屏東縣枋山鄉衛生所,屏東縣枋山鄉枋山村枋山路９８號,(08)8761150,2979,2230,2020/03/12 08:58:24
2343260017,屏東縣三地門鄉衛生所,屏東縣三地門鄉三地村行政街４號,(08)7991284,4660,1719,2020/03/12 08:58:24
2343270013,屏東縣霧台鄉衛生所,屏東縣霧台鄉霧台村神山巷６８號,(08)7902232,5073,2238,2020/03/12 08:58:24
2343280019,屏東縣瑪家鄉衛生所,屏東縣瑪家鄉北葉村風景巷８６號,(08)7991164,964,942,2020/03/12 08:58:24
2343290015,屏東縣泰武鄉衛生所,屏東縣泰武鄉佳平村１７９號,(08)7832059,4509,2210,2020/03/12 08:58:24
2343300016,屏東縣來義鄉衛生所,屏東縣來義鄉古樓村中正路９０號,(08)7850103,2741,1334,2020/03/12 08:58:24
2343310012,屏東縣春日鄉衛生所,屏東縣春日鄉春日村春日路１７６號,(08)8780358,3715,1809,2020/03/12 08:58:24
2343320018,屏東縣獅子鄉衛生所,屏東縣獅子鄉楓林村楓林二巷３１號,(08)8771324,6206,2313,2020/03/12 08:58:24
2343330014,屏東縣牡丹鄉衛生所,屏東縣牡丹鄉石門村１９號,(08)8831013,5031,1814,2020/03/12 08:58:24
2344010011,澎湖縣馬公市第一衛生所,澎湖縣馬公市樹德路３６號,(06)9273958,360,1970,2020/03/12 08:58:24
2344011027,澎湖縣馬公市第二衛生所,澎湖縣馬公市鎖港里２４０號,(06)9951354,1633,1703,2020/03/12 08:58:24
2344011036,澎湖縣馬公市第三衛生所,澎湖縣馬公市西文里１１８之２號,(06)9211723,886,2502,2020/03/12 08:58:24
2344020017,澎湖縣湖西鄉衛生所,澎湖縣湖西鄉湖西村１５１－１號,(06)9921271,1021,2377,2020/03/12 08:58:24
2344030013,澎湖縣白沙鄉衛生所,澎湖縣白沙鄉赤崁村３５９號,(06)9931044,831,1950,2020/03/12 08:58:24
2344030022,澎湖縣白沙鄉鳥嶼衛生所,澎湖縣白沙鄉鳥嶼村漁港新村３號,(06)9916092,3789,2512,2020/03/12 08:58:24
2344030031,澎湖縣白沙鄉吉貝衛生所,澎湖縣白沙鄉吉貝村８－１３號,(06)9911430,3346,2318,2020/03/12 08:58:24
2344040019,澎湖縣西嶼鄉衛生所,澎湖縣西嶼鄉池東村２２２號,(06)9981115,1820,2504,2020/03/12 08:58:24
2344050015,澎湖縣望安鄉衛生所,澎湖縣望安鄉西安村３６－７號,(06)9991036,2787,2673,2020/03/12 08:58:24
2344050024,澎湖縣望安鄉將軍衛生所,澎湖縣望安鄉將軍村１２鄰將軍澳１之３號,(06)9902066,4406,2724,2020/03/12 08:58:24
2344060011,澎湖縣七美鄉衛生所,澎湖縣七美鄉中和村埔內５４號,(06)9971005,1682,2977,2020/03/12 08:58:24
2345010015,花蓮縣花蓮市衛生所,花蓮縣花蓮市新興路２００號,(03)8230232,2373,1789,2020/03/12 08:58:24
2345020011,花蓮縣鳳林鎮衛生所,花蓮縣鳳林鎮公正街８之１號,(03)8761116,2170,2384,2020/03/12 08:58:24
2345030017,花蓮縣玉里鎮衛生所,花蓮縣玉里鎮泰昌里中正路１５２號,(03)8882046,2574,2104,2020/03/12 08:58:24
2345040013,花蓮縣新城鄉衛生所,花蓮縣新城鄉北埔村北埔路１６０號,(03)8266781,411,1090,2020/03/12 08:58:24
2345050019,花蓮縣吉安鄉衛生所,花蓮縣吉安鄉吉安村吉安路２段１３２號,(03)8521113,2564,2190,2020/03/12 08:58:24
2345060015,花蓮縣壽豐鄉衛生所,花蓮縣壽豐鄉壽豐村公園路２８巷１０號,(03)8652101,2814,2190,2020/03/12 08:58:24
2345070011,花蓮縣光復鄉衛生所,花蓮縣光復鄉大馬村中學街１５８號,(03)8701114,4598,2472,2020/03/12 08:58:24
2345090013,花蓮縣瑞穗鄉衛生所,花蓮縣瑞穗鄉瑞穗村民生街７５號,(03)8872045,3021,2122,2020/03/12 08:58:24
2345100014,花蓮縣富里鄉衛生所,花蓮縣富里鄉富里村中山路２０３號,(03)8831029,394,2138,2020/03/12 08:58:24
2345110010,花蓮縣秀林鄉衛生所,花蓮縣秀林鄉秀林村１２鄰秀林路８８號,(03)8612122,523,156,2020/03/12 08:58:24
2345120016,花蓮縣萬榮鄉衛生所,花蓮縣萬榮鄉萬榮村１２號,(03)8751651,3279,1644,2020/03/12 08:58:24
2345130012,花蓮縣卓溪鄉衛生所,花蓮縣卓溪鄉卓溪村中正路６５號,(03)8882592,4164,1657,2020/03/12 08:58:24
2346010019,台東縣台東巿衛生所,臺東縣臺東市大同路５１號,(089)350757,522,1402,2020/03/12 08:58:24
2346020015,台東縣成功鎮衛生所,臺東縣成功鎮忠仁里中山東路６４號,(089)851419,498,1192,2020/03/12 08:58:24
2346030011,臺東縣關山鎮衛生所,臺東縣關山鎮中福里中華路７８號,(089)811042,2233,1838,2020/03/12 08:58:24
2346040017,台東縣卑南鄉衛生所,臺東縣卑南鄉太平村和平路１３２號,(089)382042,945,1815,2020/03/12 08:58:24
2346050013,台東縣大武鄉衛生所,臺東縣大武鄉大武村濱海路１００號,(089)791325,3130,2155,2020/03/12 08:58:24
2346060019,台東縣太麻里鄉衛生所,臺東縣太麻里鄉泰和村２鄰民權路６６號,(089)781220,3012,2205,2020/03/12 08:58:24
2346070015,臺東縣東河鄉衛生所,臺東縣東河鄉東河村南東河路１０鄰３００號,(089)896289,2929,2659,2020/03/12 08:58:24
2346080011,台東縣長濱鄉衛生所,臺東縣長濱鄉長濱村中興路４６號,(089)831022,2496,1791,2020/03/12 08:58:24
2346090017,台東縣鹿野鄉衛生所,臺東縣鹿野鄉鹿野村中華路１段４１８號,(089)551074,3170,1826,2020/03/12 08:58:24
2346100018,台東縣池上鄉衛生所,臺東縣池上鄉中山路１０４號,(089)862609,357,1755,2020/03/12 08:58:24
2346110014,台東縣綠島鄉衛生所,臺東縣綠島鄉中寮村１－１號,(089)672511,2972,2003,2020/03/12 08:58:24
2346120010,台東縣延平鄉衛生所,臺東縣延平鄉桃源村昇平路１１號,(089)561040,4479,1816,2020/03/12 08:58:24
2346130016,台東縣海端鄉衛生所,臺東縣海端鄉海端村３鄰２９號,(089)931391,2598,1544,2020/03/12 08:58:24
2346140012,台東縣達仁鄉衛生所,臺東縣達仁鄉安朔村復興路１２２號,(089)702209,6787,2801,2020/03/12 08:58:24
2346150018,台東縣金峰鄉衛生所,臺東縣金峰鄉賓茂村１鄰１４號,(089)772201,5082,1881,2020/03/12 08:58:24
2346160014,台東縣蘭嶼鄉衛生所,臺東縣蘭嶼鄉紅頭村３６號,(089)732575,5803,2793,2020/03/12 08:58:24
2390010010,金門縣金城鎮衛生所,金門縣金城鎮民權路１４７號,(082)325059,822,1828,2020/03/12 08:58:24
2390020016,金門縣金沙鎮衛生所,金門縣金沙鎮三民路１６號,(082)333597,627,1953,2020/03/12 08:58:24
2390030030,金門縣金湖鎮衛生所,金門縣金湖鎮正義里成功７號之１,(082)336662,440,1064,2020/03/12 08:58:24
2390040518,金門縣金寧鄉衛生所,金門縣金寧鄉盤山村仁愛新屯２之１號,(082)325735,656,401,2020/03/12 08:58:24
2390050032,金門縣烈嶼鄉衛生所,金門縣烈嶼鄉西口村西方６－５號,(082)362078,1437,1560,2020/03/12 08:58:24
2391020010,連江縣北竿鄉衛生所,連江縣北竿鄉塘岐村２５號,(083)655592,3422,2319,2020/03/12 08:58:24
2391030016,連江縣莒光鄉西莒衛生所,連江縣莒光鄉青帆村１４－１號,(083)689122,6112,2727,2020/03/12 08:58:24
2391030026,連江縣莒光鄉東莒衛生所,連江縣莒光鄉大坪村３０－１號,(083)689038,2680,2431,2020/03/12 08:58:24
2391040012,連江縣東引鄉衛生所,連江縣東引鄉中柳村１２３號,(083)677206,1800,2142,2020/03/12 08:58:24
5901010058,安郁藥局,臺北市松山區八德路３段１２巷５１弄１６號１樓,(02)25774551,0,2106,2020/03/12 08:58:24
5901010076,榮星藥局,臺北市松山區南京東路４段１３３巷５弄１號,(02)27124696,455,1,2020/03/12 08:58:24
5901010085,安世藥局,臺北市松山區南京東路４段１３３巷５弄９號,(02)27133405,598,1363,2020/03/12 08:58:24
5901010094,明一藥局,臺北市松山區南京東路５段５９巷２８弄２５號１樓,(02)27691654,0,1480,2020/03/12 08:58:24
5901010165,傑安藥局,臺北市松山區八德路２段４３７巷７弄８號１樓,(02)27524155,1,1271,2020/03/12 08:58:24
5901010174,仁弘藥局,臺北市松山區民生東路３段１１３巷２５弄６號１樓,(02)27136764,0,1465,2020/03/12 08:58:24
5901010192,益華藥局,臺北市松山區民生東路５段１３８巷６號,(02)27624898,0,529,2020/03/12 08:58:24
5901010272,德靈藥局,臺北市松山區富錦街５４８號,(02)27646998,0,1894,2020/03/12 08:58:24
5901010290,健全藥局,臺北市松山區民權東路３段１０３巷２０號,(02)27128293,0,1436,2020/03/12 08:58:24
5901010496,瑞昌大藥局,臺北市松山區民權東路３段１０３巷１０號,(02)27151881,258,1914,2020/03/12 08:58:24
5901010576,合生藥局,臺北市松山區南京東路５段１２３巷４５號１樓,(02)27602932,438,460,2020/03/12 08:58:24
5901011662,上允藥局,臺北市松山區民生東路５段７８號,(02)27696905,39,2477,2020/03/12 08:58:24
5901011699,建東大藥局,臺北市松山區三民路９７號１樓,(02)27676237,0,1732,2020/03/12 08:58:24
5901011733,和諧藥局,臺北市松山區民生東路５段１４８號２樓,(02)27568580,588,2819,2020/03/12 08:58:24
5901011751,德恩藥師藥局,臺北市松山區八德路２段３７８號１樓,(02)27782829,0,85,2020/03/12 08:58:24
5901011760,延壽藥局,臺北市松山區延壽街３２７號,(02)27685159,585,2192,2020/03/12 08:58:24
5901011975,萬泰藥局,臺北市松山區敦化北路２２２巷３８號,(02)27135891,0,511,2020/03/12 08:58:24
5901012203,博荃藥局,臺北市松山區敦化北路４巷５１號,(02)27316736,0,1014,2020/03/12 08:58:24
5901012383,德川中西藥局,臺北市松山區八德路４段９６號,(02)27683399,0,3530,2020/03/12 08:58:24
5901012409,家音藥局,臺北市松山區民生東路５段７３號,(02)37652080,0,384,2020/03/12 08:58:24
5901012454,敦北藥局,臺北市松山區民生東路４段８０巷５號,(02)27155691,3,930,2020/03/12 08:58:24
5901012490,中美藥局,臺北市松山區富錦街５３１號,(02)27627468,0,1154,2020/03/12 08:58:24
5901012507,康麗藥局,臺北市松山區南京東路３段３０３巷２０號,(02)27174117,0,192,2020/03/12 08:58:24
5901012516,惠登藥局,臺北市松山區民生東路３段１３０巷３４號,(02)25472432,0,1613,2020/03/12 08:58:24
5901012561,松田藥局,臺北市松山區延吉街９－６號,(02)25798005,0,1410,2020/03/12 08:58:24
5901012570,予志藥局,臺北市松山區富錦街５２１號,(02)27623522,1,1016,2020/03/12 08:58:24
5901012598,婕登藥局,臺北市松山區八德路４段６９９號,(02)27482893,1,965,2020/03/12 08:58:24
5901012632,晨安藥局,臺北市松山區八德路３段１５５巷２０弄２號,(02)25798460,0,1275,2020/03/12 08:58:24
5901012650,銘德藥局,臺北市松山區八德路２段３６６巷２８號,(02)27511833,0,1850,2020/03/12 08:58:24
5901012669,政昇藥局,臺北市松山區南京東路５段３５６號１３樓,(02)27560286,33,2311,2020/03/12 08:58:24
5901012712,立康大藥局,臺北市松山區八德路四段２－１號,(02)27471749,0,1240,2020/03/12 08:58:24
5901012749,躍獅松和藥局,臺北市松山區八德路四段６６６－１號,(02)27492569,0,2215,2020/03/12 08:58:24
5901012758,京東藥局,臺北市松山區南京東路五段２７２號,(02)27679503,3,1127,2020/03/12 08:58:24
5901012767,晨新藥局,臺北市松山區八德路４段９１巷１－１號,(02)27422951,0,1287,2020/03/12 08:58:24
5901012918,躍獅京華藥局,臺北市松山區南京東路５段７１號,(02)27666508,0,286,2020/03/12 08:58:24
5901012963,綠之家藥局,臺北市松山區延壽街４２８號,(02)25289595,0,679,2020/03/12 08:58:24
5901013004,德安藥局,臺北市松山區八德路３段１９５號２樓,(02)25782670,397,2506,2020/03/12 08:58:24
5901013095,康采藥局,臺北市松山區南京東路５段２９１巷１７－２號,(02)27670271,0,1050,2020/03/12 08:58:24
5901013120,誠康中西藥局,臺北市松山區南京東路５段５９巷３１弄４３號,(02)27619679,78,1510,2020/03/12 08:58:24
5901013139,慶昌藥局,臺北市松山區延吉街２９號,(02)25770820,0,1750,2020/03/12 08:58:24
5901013148,唯康藥局,臺北市松山區八德路３段２１１號,(02)25775000,0,1336,2020/03/12 08:58:24
5901013157,西松健康人生藥局,臺北市松山區南京東路５段２９１巷７號,(02)27687807,0,6,2020/03/12 08:58:24
5901013175,台北長庚維康藥局,臺北市松山區敦化北路１９９巷２弄１號,(02)27199386,519,1556,2020/03/12 08:58:24
5901013200,專品南京藥局,臺北市松山區南京東路４段７３號,(02)25147685,0,1416,2020/03/12 08:58:24
5901013246,芝欣藥局,臺北市松山區八德路３段１４８號,(02)25706677,0,1188,2020/03/12 08:58:24
5901013264,佑翔藥局,臺北市松山區民生東路５段９５號,(02)87875070,0,2914,2020/03/12 08:58:24
5901013308,立赫敦北藥局,臺北市松山區敦化北路２２２巷２０號,(02)27199277,0,1211,2020/03/12 08:58:24
5901013326,富景藥局,臺北市松山區三民路１４５號,(02)27455666,0,106,2020/03/12 08:58:24
5901013344,健康活力藥師藥局,臺北市松山區民生東路５段２１９號,(02)27455556,0,1880,2020/03/12 08:58:24
5901013362,啄木鳥藥局,臺北市松山區八德路４段２０９號、２１１號（１、２層）,(02)27422413,0,582,2020/03/12 08:58:24
5901013371,玖田藥局,臺北市松山區八德路４段６５５號,(02)27666578,0,2519,2020/03/12 08:58:24
5901013380,澄馨藥局,臺北市松山區三民路３７號,(02)27420159,540,1640,2020/03/12 08:58:24
5901013399,一安正昇藥局,臺北市松山區南京東路５段３４８號,(02)27680993,0,1547,2020/03/12 08:58:24
5901013406,美優康藥局,臺北市松山區民生東路４段１１７之１號,(02)27152319,0,1331,2020/03/12 08:58:24
5901013433,杏一延吉藥局,臺北市松山區延吉街３２號,(02)25798450,0,1205,2020/03/12 08:58:24
5901013442,松山八德藥局,臺北市松山區八德路２段４００號,(02)27782773,0,3417,2020/03/12 08:58:24
5901013451,新德大藥局,臺北市松山區饒河街２０４號,(02)27673402,0,2175,2020/03/12 08:58:24
5901013460,光點延新藥局,臺北市松山區延壽街１０１號,(02)27667795,300,100,2020/03/12 08:58:24
5901013488,欣生藥局,臺北市松山區民生東路５段１３８巷１號,(02)27567611,0,2866,2020/03/12 08:58:24
5901013497,民生盛康藥局,臺北市松山區民生東路５段２０４號,(02)27460758,618,1524,2020/03/12 08:58:24
5901013504,杏一台北長庚藥局,臺北市松山區敦化北路１９９巷２弄３號,(02)25149463,600,1490,2020/03/12 08:58:24
5901013513,立赫民生藥局,臺北市松山區民生東路４段６８號,(02)27139200,0,1409,2020/03/12 08:58:24
5901013522,大樹松山藥局,臺北市松山區民生東路５段１０７號,(02)27562226,0,2531,2020/03/12 08:58:24
5901020296,百立藥局,臺北市大安區和平東路３段２２８巷６６號１樓,(02)27327211,0,1145,2020/03/12 08:58:24
5901020303,宏恩藥局,臺北市大安區大安路１段１８１號,(02)27000956,0,1726,2020/03/12 08:58:24
5901020376,靜園藥局,臺北市大安區和平東路２段１１８巷５７之１號,(02)27336390,0,2538,2020/03/12 08:58:24
5901020385,延吉大藥局,臺北市大安區延吉街１５３號１樓,(02)27819227,376,1170,2020/03/12 08:58:24
5901020465,杏友藥局,臺北市大安區復興南路２段１５１巷２５號,(02)27079451,0,2370,2020/03/12 08:58:24
5901020554,師大藥局,臺北市大安區師大路９９號１樓,(02)23623479,0,569,2020/03/12 08:58:24
5901020563,施寶藥局,臺北市大安區安東街５０－５號１樓,(02)27114175,0,2005,2020/03/12 08:58:24
5901020590,燕福藥局,臺北市大安區羅斯福路３段２８３巷１４弄１４號之３,(02)23627307,0,3060,2020/03/12 08:58:24
5901020616,龍護大藥局,臺北市大安區大安路１段２２４巷７號１Ｆ,(02)23250686,282,1427,2020/03/12 08:58:24
5901020634,新廣生藥局,臺北市大安區仁愛路４段３４號,(02)27071221,396,1612,2020/03/12 08:58:24
5901020652,寶德藥局,臺北市大安區樂利路１０５號１Ｆ,(02)27364240,0,1443,2020/03/12 08:58:24
5901020661,泰佑藥局,臺北市大安區安和路２段７２號１Ｆ,(02)27056841,0,1210,2020/03/12 08:58:24
5901020670,杏安堂藥局,臺北市大安區忠孝東路４段７７巷３０號１樓,(02)27517636,0,2397,2020/03/12 08:58:24
5901020689,四維藥局,臺北市大安區復興南路２段１５１巷４３號１樓,(02)27094222,0,2331,2020/03/12 08:58:24
5901020698,羅斯福藥局,臺北市大安區羅斯福路３段２８３巷９弄３號,(02)23699606,600,986,2020/03/12 08:58:24
5901020732,赫慶藥局,臺北市大安區瑞安街２０８巷１１弄５號１樓,(02)27063497,1,1563,2020/03/12 08:58:24
5901020787,吉成藥局,臺北市大安區泰順街７號,(02)23636475,0,706,2020/03/12 08:58:24
5901020858,順天堂藥局,臺北市大安區龍泉街９６號,(02)23627149,0,484,2020/03/12 08:58:24
5901020876,大興藥局,臺北市大安區通化街３９巷５０弄１５號１樓,(02)27053369,168,1229,2020/03/12 08:58:24
5901020901,辰安藥局,臺北市大安區大安路１段３１巷２８號,(02)27119536,2,2008,2020/03/12 08:58:24
5901021248,永誠藥局,臺北市大安區忠孝東路４段２１６巷２５之１號,(02)27520273,15,27,2020/03/12 08:58:24
5901021346,正昌藥局,臺北市大安區通化街３８巷９號１樓,(02)27540070,0,1855,2020/03/12 08:58:24
5901021382,建如藥局,臺北市大安區和平東路３段２２８巷１１號１Ｆ,(02)27331456,171,655,2020/03/12 08:58:24
5901021408,生百藥局,臺北市大安區臨江街１２４號,(02)27371011,0,2835,2020/03/12 08:58:24
5901022521,台安藥局,臺北市大安區和平東路２段３５３號１樓,(02)27549099,387,1574,2020/03/12 08:58:24
5901022601,生光藥局,臺北市大安區忠孝東路３段２４８巷２號,(02)27780862,0,1607,2020/03/12 08:58:24
5901022898,永康藥局,臺北市大安區麗水街６之２號,(02)23279362,0,947,2020/03/12 08:58:24
5901023073,世中欣藥局,臺北市大安區永康街２巷８號,(02)23938947,0,1432,2020/03/12 08:58:24
5901023091,加豐藥局,臺北市大安區忠孝東路３段２１６巷３弄１號１樓,(02)27219678,144,3286,2020/03/12 08:58:24
5901023153,崇光藥局,臺北市大安區忠孝東路３段３０５號７樓之３,(02)27217958,0,2883,2020/03/12 08:58:24
5901023215,大愛健康藥局,臺北市大安區敦化南路２段６３巷６５號,(02)27092156,0,2647,2020/03/12 08:58:24
5901023304,麗樺藥師藥局,臺北市大安區麗水街３號,(02)23952628,0,955,2020/03/12 08:58:24
5901023313,安和藥局,臺北市大安區安和路１段１０２巷３號,(02)27092349,0,2358,2020/03/12 08:58:24
5901023331,佑安藥局,臺北市大安區延吉街２３３巷９號,(02)27069339,0,2802,2020/03/12 08:58:24
5901023386,弘昇藥局,臺北市大安區復興南路１段１０７巷３２號,(02)27110061,0,1939,2020/03/12 08:58:24
5901023411,長虹藥局,臺北市大安區忠孝東路４段２１６巷 ６３號,(02)27210232,0,355,2020/03/12 08:58:24
5901023519,惠盈藥局,臺北市大安區辛亥路２段１７１巷３１號,(02)87321366,0,1593,2020/03/12 08:58:24
5901023523,聯合仁愛藥局,臺北市大安區大安路１段１５７巷３號,(02)27039269,1230,1692,2020/03/12 08:58:24
5901023591,一心藥局,臺北市大安區和平東路３段２３８號,(02)27321818,0,1042,2020/03/12 08:58:24
5901023653,信安健康藥局,臺北市大安區仁愛路４段１２２巷５８號,(02)27084858,0,1246,2020/03/12 08:58:24
5901023680,新富川藥局,臺北市大安區大安路１段５１巷４號,(02)27114758,0,1730,2020/03/12 08:58:24
5901023706,聖英藥局,臺北市大安區仁愛路４段２６６巷１５弄１８號,(02)27055851,1,2451,2020/03/12 08:58:24
5901023724,元氣生活健保藥局,臺北市大安區新生南路１段１６１巷１０號,(02)27060580,0,1896,2020/03/12 08:58:24
5901023831,康乃馨藥局,臺北市大安區建國南路１段３２７號,(02)23257097,0,1432,2020/03/12 08:58:24
5901023886,世康藥局,臺北市大安區延吉街２４６號,(02)27015758,54,768,2020/03/12 08:58:24
5901023902,惠良藥局,臺北市大安區和平東路３段９３－１號,(02)27387872,0,1353,2020/03/12 08:58:24
5901023966,愛維康生活藥局,臺北市大安區四維路１７０巷２１號,(02)27059791,0,55,2020/03/12 08:58:24
5901024007,古亭健康人生藥局,臺北市大安區羅斯福路２段８３號,(02)23660895,0,200,2020/03/12 08:58:24
5901024098,杏一瑞安藥局,臺北市大安區瑞安街２０８巷１１弄１號,(02)27096710,0,1379,2020/03/12 08:58:24
5901024114,好安心藥局,臺北市大安區和平東路２段９８之２號,(02)23772166,0,321,2020/03/12 08:58:24
5901024123,中山樂方藥局,臺北市大安區仁愛路４段１１２巷１２號,(02)27050622,157,1189,2020/03/12 08:58:24
5901024178,天康忠孝藥局,臺北市大安區忠孝東路３段２２３－１號,(02)77137763,384,1402,2020/03/12 08:58:24
5901024212,中力信義藥局,臺北市大安區信義路４段５１號,(02)23250266,0,2665,2020/03/12 08:58:24
5901024221,安居藥局,臺北市大安區安居街１９號,(02)23773537,402,2046,2020/03/12 08:58:24
5901024310,躍獅新生藥局,臺北市大安區和平東路２段２０號,(02)23623367,600,54,2020/03/12 08:58:24
5901024347,博大藥局,臺北市大安區安和路２段６５號,(02)27027858,0,197,2020/03/12 08:58:24
5901024427,博昱仁愛藥局,臺北市大安區仁愛路４段６５號,(02)87739258,0,73,2020/03/12 08:58:24
5901024472,忠孝康承健保藥局,臺北市大安區復興南路１段１０７巷４號,(02)87733378,0,1666,2020/03/12 08:58:24
5901024481,微笑藥師藥局,臺北市大安區信義路３段３１巷４號,(02)27009655,600,98,2020/03/12 08:58:24
5901024490,明星大藥局,臺北市大安區光復南路４３０之１號,(02)27023747,0,80,2020/03/12 08:58:24
5901024516,博昱師大藥局,臺北市大安區羅斯福路３段１８９號,(02)23696966,0,90,2020/03/12 08:58:24
5901024525,國泰維康藥局,臺北市大安區仁愛路４段２６６巷１５弄２０號,(02)27542185,0,2847,2020/03/12 08:58:24
5901024543,奇威藥局,臺北市大安區雲和街９３號,(02)23651110,0,1045,2020/03/12 08:58:24
5901024632,艾登安和藥局,臺北市大安區安和路１段１２３號,(02)27015201,6,216,2020/03/12 08:58:24
5901024669,百岳藥局,臺北市大安區和平東路２段３１１巷１１號,(02)27551037,0,1794,2020/03/12 08:58:24
5901024678,大安健康人生藥局,臺北市大安區信義路４段３４號,(02)27025553,0,682,2020/03/12 08:58:24
5901024687,博昱大藥局,臺北市大安區樂業街１４８號、１５０號,(02)23776199,0,55,2020/03/12 08:58:24
5901024696,仁華藥局,臺北市大安區臥龍街１５５號,(02)27336762,0,1780,2020/03/12 08:58:24
5901024703,吾家藥局,臺北市大安區信義路４段２６５巷６之１號,(02)27066425,0,660,2020/03/12 08:58:24
5901024712,早安藥局,臺北市大安區建國南路２段１５１巷４２號,(02)27002209,0,841,2020/03/12 08:58:24
5901024721,麗泰藥局,臺北市大安區復興南路２段１５１巷４號,(02)27079595,522,1035,2020/03/12 08:58:24
5901024758,兆安健保藥局,臺北市大安區通化街１３９號,(02)27363069,0,1234,2020/03/12 08:58:24
5901024767,杏一樂業藥局,臺北市大安區樂業街１６２號,(02)27383194,0,2249,2020/03/12 08:58:24
5901024810,博興藥局,臺北市大安區四維路１９８巷２８號,(02)23256668,378,975,2020/03/12 08:58:24
5901024829,威康藥局,臺北市大安區和平東路２段２５５之１號,(02)27061149,0,267,2020/03/12 08:58:24
5901024838,昶青藥局,臺北市大安區濟南路３段２２之１號,(02)27515678,1,1789,2020/03/12 08:58:24
5901024856,杏一台北國泰藥局,臺北市大安區仁愛路４段２６６巷１５弄４號,(02)27011785,579,3171,2020/03/12 08:58:24
5901024865,沛林東區生活藥粧藥局,臺北市大安區敦化南路１段１８７巷１７號,(02)27763759,0,2289,2020/03/12 08:58:24
5901024874,奇異果大安藥局,臺北市大安區大安路１段１９０號,(02)23250891,300,1082,2020/03/12 08:58:24
5901024883,躍獅敦和藥局,臺北市大安區和平東路３段１０號,(02)23785767,0,363,2020/03/12 08:58:24
5901024892,太醫藥局,臺北市大安區師大路１２號,(02)23685125,0,1688,2020/03/12 08:58:24
5901024909,康維健保藥局,臺北市大安區敦化南路１段３２９巷１５號,(02)27000120,0,1619,2020/03/12 08:58:24
5901024927,高特敦南藥局,臺北市大安區信義路４段１１５號,(092)0318305,0,1716,2020/03/12 08:58:24
5901090074,慈仁藥局,臺北市大同區歸綏街２６１號１樓,(02)25572733,381,1346,2020/03/12 08:58:24
5901090127,三銘大藥局,臺北市大同區迪化街１段８０號,(02)25583392,600,1473,2020/03/12 08:58:24
5901090154,柯藥局,臺北市大同區重慶北路３段３３５巷６號,(02)25948515,177,1438,2020/03/12 08:58:24
5901090181,時春藥局,臺北市大同區赤峰街４號,(02)25597918,0,435,2020/03/12 08:58:24
5901090216,裕仁藥局,臺北市大同區迪化街２段２７０號－１,(02)25910064,0,442,2020/03/12 08:58:24
5901090243,建祥藥局,臺北市大同區寧夏路１７號、１７－１號,(02)25556476,0,70,2020/03/12 08:58:24
5901090289,正利民藥局,臺北市大同區延平北路３段１０５號,(02)25924842,1,1089,2020/03/12 08:58:24
5901090323,泰元藥局,臺北市大同區哈密街９１號,(02)25914592,600,1444,2020/03/12 08:58:24
5901090369,保慶藥局,臺北市大同區保安街２１號,(02)25538988,0,60,2020/03/12 08:58:24
5901091473,快安藥局,臺北市大同區南京西路２８２、２８４號,(02)25561925,0,120,2020/03/12 08:58:24
5901091544,得意藥師藥局,臺北市大同區延平北路２段２２９號,(02)25534294,0,1421,2020/03/12 08:58:24
5901091624,健康美藥局,臺北市大同區民族西路１６５號,(02)25976707,0,695,2020/03/12 08:58:24
5901091688,宏泰藥師藥局,臺北市大同區酒泉街１３１號,(02)25957025,0,1113,2020/03/12 08:58:24
5901091759,儷安藥局,臺北市大同區錦西街５３巷１６號,(02)25578033,0,569,2020/03/12 08:58:24
5901091820,富康藥局,臺北市大同區延平北路２段１２６號,(02)25537782,600,90,2020/03/12 08:58:24
5901091839,春鄰藥局,臺北市大同區長安西路３５號,(02)25492000,0,1015,2020/03/12 08:58:24
5901091857,佳禾藥局,臺北市大同區大龍街２６２號,(02)25953806,0,307,2020/03/12 08:58:24
5901091884,躍獅雙蓮藥局,臺北市大同區涼州街４號,(02)25537551,0,1408,2020/03/12 08:58:24
5901091973,延平新聖安藥局,臺北市大同區延平北路３段３５號,(02)25923399,0,1382,2020/03/12 08:58:24
5901091991,德芳藥局,臺北市大同區民生西路９１號,(02)25576869,0,665,2020/03/12 08:58:24
5901092014,旭豐藥局,臺北市大同區昌吉街９６號,(02)25853880,0,765,2020/03/12 08:58:24
5901092041,酒泉春天藥局,臺北市大同區酒泉街９４號、９４號２樓,(02)25977932,0,1229,2020/03/12 08:58:24
5901092050,中興聯合藥局,臺北市大同區鄭州路１２７號（實際營業地址：１樓）,(02)25502952,507,920,2020/03/12 08:58:24
5901092069,躍獅遠東藥局,臺北市大同區南京西路３７４號（實際營業地址：１樓）,(02)25594835,0,1449,2020/03/12 08:58:24
5901092078,大同民生藥局,臺北市大同區民生西路１２８，１３０號,(02)25558886,12,1329,2020/03/12 08:58:24
5901100057,百源堂大藥局,臺北市中山區長安東路２段４７－５號,(02)25364362,273,15,2020/03/12 08:58:24
5901100066,名祥藥局,臺北市中山區龍江路１６６號,(02)25036265,0,2066,2020/03/12 08:58:24
5901100155,大信藥局,臺北市中山區林森北路１５９巷６號,(02)25719080,0,2998,2020/03/12 08:58:24
5901100244,定好大藥局,臺北市中山區農安街１２５巷３４號,(02)25946788,417,2070,2020/03/12 08:58:24
5901100333,明美藥局,臺北市中山區長春路６９號,(02)25365419,1,1532,2020/03/12 08:58:24
5901100342,順泰藥局,臺北市中山區錦州街２６６號,(02)25038916,0,1142,2020/03/12 08:58:24
5901100431,長生藥局,臺北市中山區松江路３６２巷５５號１樓,(02)25816210,0,2604,2020/03/12 08:58:24
5901100440,優豐藥局,臺北市中山區民生東路１段３２號,(02)25602565,602,1712,2020/03/12 08:58:24
5901100495,能康藥局,臺北市中山區長春路４６號,(02)25429426,0,1276,2020/03/12 08:58:24
5901100628,貢玄藥局,臺北市中山區錦州街２０７號,(02)25637847,600,2259,2020/03/12 08:58:24
5901100664,阿里藥局,臺北市中山區錦州街２５１號,(02)25020638,0,2146,2020/03/12 08:58:24
5901100717,榮昌藥局,臺北市中山區雙城街１７－３號,(02)25964593,0,2889,2020/03/12 08:58:24
5901100735,華友藥局,臺北市中山區龍江路３５６巷２７號－１,(02)25007159,0,163,2020/03/12 08:58:24
5901100771,良佑藥局,臺北市中山區撫順街６－２號１樓,(02)25916402,0,894,2020/03/12 08:58:24
5901100799,立大藥局,臺北市中山區吉林路１４４巷１４號,(02)25313844,0,1935,2020/03/12 08:58:24
5901100959,武璋大藥局,臺北市中山區伊通街９７號之２,(02)25072026,465,498,2020/03/12 08:58:24
5901101072,長青藥局,臺北市中山區興安街５５號１樓,(02)25053160,0,1423,2020/03/12 08:58:24
5901101161,晏晟藥局,臺北市中山區林森北路６２５號,(02)25851445,126,1044,2020/03/12 08:58:24
5901101205,大直藥局,臺北市中山區北安路６１７號１樓,(02)25320522,573,0,2020/03/12 08:58:24
5901101250,美日藥局,臺北市中山區天津街６６號１樓,(02)25631662,0,2007,2020/03/12 08:58:24
5901101321,文德藥局,臺北市中山區龍江路３５６巷１９號１樓,(02)25181178,0,2677,2020/03/12 08:58:24
5901101509,永直藥局,臺北市中山區北安路５９５巷２弄６號,(02)85098059,595,2125,2020/03/12 08:58:24
5901101536,展佑藥局,臺北市中山區長春路１４６－１號,(02)25232803,0,417,2020/03/12 08:58:24
5901101607,蓁榛健康生活藥局,臺北市中山區合江街１００－２號１樓,(02)25099333,0,1365,2020/03/12 08:58:24
5901101625,中崙藥局,臺北市中山區八德路２段３０７號,(02)27114971,585,1386,2020/03/12 08:58:24
5901101652,祥泰藥局,臺北市中山區林森北路１３６號,(02)25313097,0,2555,2020/03/12 08:58:24
5901101910,嘉恩藥局,臺北市中山區錦州街３２１號,(02)25181418,0,1800,2020/03/12 08:58:24
5901101929,樂活苑藥局,臺北市中山區北安路５４６號１樓,(02)25323296,0,766,2020/03/12 08:58:24
5901101992,大愛藥師藥局,臺北市中山區吉林路２５５號１樓,(02)25424723,0,3057,2020/03/12 08:58:24
5901102015,久大藥局,臺北市中山區林森北路４８０號,(02)25111594,0,1165,2020/03/12 08:58:24
5901102060,專心藥局,臺北市中山區伊通街１１２－２號,(02)25155847,0,1647,2020/03/12 08:58:24
5901102408,康林藥局,臺北市中山區興安街１０５號,(02)25171867,0,1492,2020/03/12 08:58:24
5901102417,民生興安藥局,臺北市中山區民生東路３段９０－１號,(02)25018310,0,1262,2020/03/12 08:58:24
5901102444,啟美藥師藥局,臺北市中山區錦州街２８２號,(02)25178032,0,1778,2020/03/12 08:58:24
5901102515,華康藥局,臺北市中山區民生西路３巷２之１號,(02)25211772,260,406,2020/03/12 08:58:24
5901102560,龍江藥局,臺北市中山區龍江路３５６巷１４號,(02)25023724,0,1735,2020/03/12 08:58:24
5901102579,晴光藥局,臺北市中山區農安街２３之２號,(02)25951393,0,1799,2020/03/12 08:58:24
5901102597,德惠藥局,臺北市中山區德惠街１２２號,(02)25971131,0,2352,2020/03/12 08:58:24
5901102631,金生藥局,臺北市中山區長安東路２段１６７－１號,(02)87729808,0,1164,2020/03/12 08:58:24
5901102677,興康源藥局,臺北市中山區中山北路１段１４０巷８號,(02)25311248,0,464,2020/03/12 08:58:24
5901102686,富宥康藥局,臺北市中山區北安路６０８巷５弄２２號,(02)25325277,0,977,2020/03/12 08:58:24
5901102748,淮濟藥師藥局,臺北市中山區北安路５７０號〈實際營業地址：１樓及地下１樓〉,(02)85098636,0,1327,2020/03/12 08:58:24
5901102828,逸帆藥局,臺北市中山區錦州街１８９號,(02)25222323,0,2612,2020/03/12 08:58:24
5901102837,正傑健保藥局,臺北市中山區長安東路２段１８１號,(02)27310181,0,2100,2020/03/12 08:58:24
5901102855,錦西春天生活藥局,臺北市中山區錦西街１０號,(02)25312658,12,1641,2020/03/12 08:58:24
5901102873,盛康藥局,臺北市中山區吉林路３９９號,(02)25969580,18,684,2020/03/12 08:58:24
5901102891,中山藥局,臺北市中山區林森北路１２８號,(02)25236979,0,1006,2020/03/12 08:58:24
5901102962,中興藥局,臺北市中山區長安東路２段２２６號,(02)27774628,0,1935,2020/03/12 08:58:24
5901102971,保德明水藥局,臺北市中山區北安路６０８巷４弄１號,(02)85097769,597,85,2020/03/12 08:58:24
5901102999,廣福中西藥局,臺北市中山區錦州街４０６號,(02)25189489,0,1018,2020/03/12 08:58:24
5901103030,錦康活力藥局,臺北市中山區民生東路２段１４７巷１１弄１號地下,(02)25158282,0,2211,2020/03/12 08:58:24
5901103110,大直健康藥局,臺北市中山區北安路５９１號,(02)25323310,594,2110,2020/03/12 08:58:24
5901103147,娸淇藥局,臺北市中山區伊通街９５號,(02)25082762,0,1038,2020/03/12 08:58:24
5901103183,OK藥師藥局,臺北市中山區興安街９５號,(02)25170068,0,1065,2020/03/12 08:58:24
5901103192,昶青林森藥局,臺北市中山區林森北路１１９巷５２號,(02)25639939,0,2482,2020/03/12 08:58:24
5901103209,麗恩藥局,臺北市中山區林森北路５７５之５號,(02)25981982,0,1820,2020/03/12 08:58:24
5901103227,建誠中西藥局,臺北市中山區龍江路３８５之１號,(02)25158608,0,1977,2020/03/12 08:58:24
5901103236,誠意中西藥局,臺北市中山區林森北路６１３號,(02)25950951,6,1081,2020/03/12 08:58:24
5901103272,長安藥局,臺北市中山區長安東路２段１７１－３號,(02)27772740,0,1046,2020/03/12 08:58:24
5901103325,仁一藥局,臺北市中山區林森北路５２０號,(02)25711742,0,2234,2020/03/12 08:58:24
5901103334,大直小太陽藥局,臺北市中山區北安路６０７之１號,(02)85093208,0,1765,2020/03/12 08:58:24
5901103343,王中興藥局,臺北市中山區龍江路２７３號,(02)25034281,0,2155,2020/03/12 08:58:24
5901103352,美康正康藥局,臺北市中山區北安路６１６之１號、６１８號２樓之１,(02)25323077,0,941,2020/03/12 08:58:24
5901103405,大直永安藥局,臺北市中山區北安路５６７之２號,(02)25332125,0,612,2020/03/12 08:58:24
5901103414,元宏藥局,臺北市中山區北安路４５８巷４１弄４９號,(02)25339728,261,1784,2020/03/12 08:58:24
5901103423,農安藥局,臺北市中山區農安街１８之１號,(02)25959293,12,1442,2020/03/12 08:58:24
5901103450,東東藥局,臺北市中山區長春路２５７之２號,(02)25031730,0,1759,2020/03/12 08:58:24
5901103469,聖晨藥局,臺北市中山區農安街１４０號,(02)25960359,0,1845,2020/03/12 08:58:24
5901103487,錦州春天生活藥局,臺北市中山區錦州街２１３號、２１３號２樓,(02)25213586,609,904,2020/03/12 08:58:24
5901103496,杏一龍錦藥局,臺北市中山區龍江路２６４號,(02)25174618,6,953,2020/03/12 08:58:24
5901103512,大樹龍江藥局,臺北市中山區龍江路２４２號,(02)25035666,2,2755,2020/03/12 08:58:24
5901103521,中華藥局,臺北市中山區農安街４５之１號,(02)25997888,588,2516,2020/03/12 08:58:24
5901103530,農安盛康藥局,臺北市中山區農安街２６７號,(02)25038205,588,942,2020/03/12 08:58:24
5901103549,康廷藥局,臺北市中山區北安路６１１號,(02)25335890,99,1932,2020/03/12 08:58:24
5901103558,佳頤中西藥局,臺北市中山區長春路１４７之１號,(02)25641479,0,841,2020/03/12 08:58:24
5901103576,康銓藥局,臺北市中山區農安街１７４號,(02)25039393,0,1588,2020/03/12 08:58:24
5901103585,禾全藥局,臺北市中山區龍江路３３２號,(02)25165721,0,1152,2020/03/12 08:58:24
5901103601,安悅藥局,臺北市中山區吉林路１８９號,(02)25419879,0,2164,2020/03/12 08:58:24
5901110080,葛蘭素藥局,臺北市內湖區內湖路２段１０３巷１２８號１樓,(02)27997824,0,2165,2020/03/12 08:58:24
5901110133,泰成藥局,臺北市內湖區內湖路３段１３５號１樓,(02)27921231,573,1615,2020/03/12 08:58:24
5901110268,赫得藥局,臺北市內湖區康樂街７２巷１７弄４號１Ｆ,(02)26328642,438,75,2020/03/12 08:58:24
5901110302,富盛藥局,臺北市內湖區成功路４段６１巷２５弄１２號１樓,(02)27908667,0,1198,2020/03/12 08:58:24
5901110311,永安藥局,臺北市內湖區文德路２１０巷３０弄４８號,(02)26586658,0,1168,2020/03/12 08:58:24
5901110393,明湖藥局,臺北市內湖區東湖路７巷２７號１Ｆ,(02)26313515,393,829,2020/03/12 08:58:24
5901110446,清白藥局,臺北市內湖區東湖路１０８號,(02)26305743,0,115,2020/03/12 08:58:24
5901110624,宏光藥局,臺北市內湖區成功路２段２２１號１樓,(02)27919068,0,531,2020/03/12 08:58:24
5901111863,杏佳藥局,臺北市內湖區康寧路１段５１號,(02)27915726,577,265,2020/03/12 08:58:24
5901111890,安康藥局,臺北市內湖區安康路４８２號,(02)26327675,28,168,2020/03/12 08:58:24
5901111934,至康藥局,臺北市內湖區內湖路１段７３７巷１９弄１號,(02)26580022,564,63,2020/03/12 08:58:24
5901112011,文新藥局,臺北市內湖區文湖街７－５號１樓,(02)87978865,0,116,2020/03/12 08:58:24
5901112100,盧狄聯合藥局,臺北市內湖區康寧路３段１８９巷５７號,(02)26308897,159,1410,2020/03/12 08:58:24
5901112351,康信藥局,臺北市內湖區民權東路６段２９６巷２９號,(02)26342088,0,2,2020/03/12 08:58:24
5901112413,維安藥局,臺北市內湖區成功路３段１７４巷２３號,(02)27944520,336,499,2020/03/12 08:58:24
5901112593,康健藥局,臺北市內湖區康樂街８０號,(02)26305825,0,1225,2020/03/12 08:58:24
5901112600,匯安藥局,臺北市內湖區內湖路１段７０３之１號,(02)26579255,0,1680,2020/03/12 08:58:24
5901112682,富康東湖藥局,臺北市內湖區東湖路１１９巷４９弄１６號,(02)26323222,0,25,2020/03/12 08:58:24
5901112726,高昱藥局,臺北市內湖區陽光街３２１巷２６號２樓之１５,(02)87519962,0,24,2020/03/12 08:58:24
5901112762,樂活藥師藥局,臺北市內湖區內湖路２段３６８號,(02)27968052,0,137,2020/03/12 08:58:24
5901112780,樂康藥妝藥局,臺北市內湖區文德路１１７號,(02)26562110,0,1454,2020/03/12 08:58:24
5901112824,思恩藥局,臺北市內湖區成功路４段６１巷２６號,(02)27965808,0,398,2020/03/12 08:58:24
5901112842,早安元氣藥局,臺北市內湖區成功路４段５３號１樓,(02)27925994,0,1772,2020/03/12 08:58:24
5901112860,展恩藥局,臺北市內湖區民權東路６段１３６巷４號,(02)27953041,0,4,2020/03/12 08:58:24
5901112879,壹零捌藥局,臺北市內湖區成功路４段３４４號,(02)27910061,0,75,2020/03/12 08:58:24
5901112977,瑞光藥局,臺北市內湖區瑞光路２１２號,(02)87513365,1,72,2020/03/12 08:58:24
5901112995,昇龍藥局,臺北市內湖區東湖路１５１號,(02)26316783,0,25,2020/03/12 08:58:24
5901113018,桔子藥局,臺北市內湖區內湖路２段３３３號,(02)27930052,0,1559,2020/03/12 08:58:24
5901113027,晟安藥局,臺北市內湖區金龍路１３５號,(02)87919320,0,565,2020/03/12 08:58:24
5901113045,西湖藥局,臺北市內湖區內湖路１段３５５號,(02)26279291,0,25,2020/03/12 08:58:24
5901113081,宜昇優良藥局,臺北市內湖區康寧路３段１６５巷２３弄５號,(02)26327817,0,194,2020/03/12 08:58:24
5901113143,躍獅寶湖藥局,臺北市內湖區民權東路６段１２３巷２８號,(02)87928335,0,761,2020/03/12 08:58:24
5901113198,傑昇藥局,臺北市內湖區內湖路２段２２７號,(02)27925957,0,1826,2020/03/12 08:58:24
5901113205,新安健保藥局,臺北市內湖區新明路４０２號,(02)27932289,534,247,2020/03/12 08:58:24
5901113223,仕德安藥局,臺北市內湖區新明路２１０號,(02)27961683,8,158,2020/03/12 08:58:24
5901113250,大內湖藥局,臺北市內湖區成功路４段１２號,(02)27956286,0,1776,2020/03/12 08:58:24
5901113269,樂齡藥師藥局,臺北市內湖區內湖路３段１０３號,(02)27919707,0,2069,2020/03/12 08:58:24
5901113296,喜越藥局,臺北市內湖區內湖路１段２８５巷５９弄７號,(02)26271955,240,23,2020/03/12 08:58:24
5901113303,禾康藥局,臺北市內湖區內湖路１段２９６號,(02)26562669,600,0,2020/03/12 08:58:24
5901113312,江南大藥局,臺北市內湖區文德路２２巷９弄５６號,(02)26595430,597,40,2020/03/12 08:58:24
5901113330,躍獅大湖藥局,臺北市內湖區成功路４段３２９號,(02)27945376,0,1665,2020/03/12 08:58:24
5901113349,澴山藥局,臺北市內湖區環山路１段４號,(02)87978793,1,1174,2020/03/12 08:58:24
5901113367,瑞暉藥局,臺北市內湖區文德路１０５號,(02)26276828,0,694,2020/03/12 08:58:24
5901113376,內湖藥局,臺北市內湖區康寧路１段１１６號,(02)27940545,1,3607,2020/03/12 08:58:24
5901113385,躍獅康成藥局,臺北市內湖區成功路４段６１巷１１號,(02)87922031,0,1131,2020/03/12 08:58:24
5901113394,富康文德藥局,臺北市內湖區文德路２２巷２７弄４號,(02)26272000,0,745,2020/03/12 08:58:24
5901113401,躍獅麗湖藥局,臺北市內湖區內湖路１段４０１之１號,(02)26276160,597,90,2020/03/12 08:58:24
5901113438,晶龍藥局,臺北市內湖區成功路４段２１８號,(02)27956255,0,1771,2020/03/12 08:58:24
5901113456,佑全內湖康寧藥局,臺北市內湖區康寧路３段３９號、３９號２樓、４１號、４３號,(02)26346578,0,35,2020/03/12 08:58:24
5901113509,安安藥局,臺北市內湖區康寧路１段４２號,(02)87912187,0,22,2020/03/12 08:58:24
5901113527,杏一港墘藥局,臺北市內湖區港墘路８３號,(02)87978746,0,135,2020/03/12 08:58:24
5901113536,原大藥局,臺北市內湖區內湖路１段７３７巷５０弄５號,(02)26596358,0,38,2020/03/12 08:58:24
5901113545,和康健保藥局,臺北市內湖區文德路６６巷４１號,(02)27997202,1,1421,2020/03/12 08:58:24
5901113554,葫光藥局,臺北市內湖區康寧路３段５４巷６號,(02)26336611,598,12,2020/03/12 08:58:24
5901113563,耀元藥局,臺北市內湖區康樂街１５０號,(02)26337369,0,1093,2020/03/12 08:58:24
5901120022,旭村藥局,臺北市南港區興華路１１２號,(02)27820948,0,331,2020/03/12 08:58:24
5901120139,裕成藥局,臺北市南港區玉成街１６６巷１３號,(02)27851227,189,2510,2020/03/12 08:58:24
5901120175,新錦安藥局,臺北市南港區南港路３段３４號,(02)27825218,0,969,2020/03/12 08:58:24
5901120184,仁泰藥局,臺北市南港區同德路２８號,(02)27855464,3,1954,2020/03/12 08:58:24
5901120308,加欣藥局,臺北市南港區南港路２段２６號,(02)27836222,126,0,2020/03/12 08:58:24
5901121421,祥安藥局,臺北市南港區中坡南路２５號,(02)26547322,0,1886,2020/03/12 08:58:24
5901121449,麗康藥局,臺北市南港區同德路５１號,(02)26515236,0,2239,2020/03/12 08:58:24
5901121501,親親藥局,臺北市南港區玉成街１４０巷７號１樓,(02)26537635,222,1118,2020/03/12 08:58:24
5901121574,上丞藥師藥局,臺北市南港區成福路１０號１樓,(02)26535589,115,570,2020/03/12 08:58:24
5901121583,健園藥局,臺北市南港區研究院路１段１９號１樓,(02)27851567,357,1257,2020/03/12 08:58:24
5901121592,忠孝藥局,臺北市南港區成福路１６號,(02)27862829,0,2156,2020/03/12 08:58:24
5901121618,新東發藥局,臺北市南港區成福路１９８號,(02)27855190,0,1105,2020/03/12 08:58:24
5901121627,富康活力藥局,臺北市南港區研究院路１段１０１巷８號,(02)27828810,0,194,2020/03/12 08:58:24
5901121734,湳港藥局,臺北市南港區研究院路１段１０１巷１２號,(02)27892200,599,233,2020/03/12 08:58:24
5901121798,進慧藥局,臺北市南港區研究院路１段１６３號,(02)27887049,593,2109,2020/03/12 08:58:24
5901121823,儀安健保藥局,臺北市南港區同德路７４號,(02)27859893,600,2461,2020/03/12 08:58:24
5901121841,泓安藥局,臺北市南港區興華路７５號,(02)27861083,0,1206,2020/03/12 08:58:24
5901121850,健涵藥局,臺北市南港區舊莊街１段１４７號,(02)27837285,273,221,2020/03/12 08:58:24
5901121869,南港藥局,臺北市南港區南港路一段１６６號,(02)27829137,0,2450,2020/03/12 08:58:24
5901121896,順翔藥局,臺北市南港區研究院路２段１７０號,(02)27824332,0,1853,2020/03/12 08:58:24
5901121903,景星藥局,臺北市南港區南港路３段２６號,(02)27838816,0,1586,2020/03/12 08:58:24
5901121912,成恩藥局,臺北市南港區成福路２３號,(02)27856602,0,1564,2020/03/12 08:58:24
5901121930,小藥師健保藥局,臺北市南港區福德街３２０之１號,(02)27867002,0,1171,2020/03/12 08:58:24
5901121958,心亮藥局,臺北市南港區玉成街６６之７號,(02)27881677,0,934,2020/03/12 08:58:24
5901121976,杏安藥局,臺北市南港區昆陽街１４０巷１６號,(02)27864119,0,1188,2020/03/12 08:58:24
5901121985,勝安藥局,臺北市南港區舊莊街１段１６５號,(02)27828450,0,2388,2020/03/12 08:58:24
5901122026,杏一中坡藥局,臺北市南港區中坡南路３３號、３５號,(02)27827418,0,3342,2020/03/12 08:58:24
5901122035,成福大藥局,臺北市南港區成福路８號,(02)27859221,423,2950,2020/03/12 08:58:24
5901122044,心心藥局,臺北市南港區研究院路２段７６號,(02)27862586,186,0,2020/03/12 08:58:24
5901150011,南風藥局,臺北市士林區美崙街１９號１樓,(02)28320375,501,1132,2020/03/12 08:58:24
5901150057,菁安藥局,臺北市士林區美侖街１３號１樓,(02)28323951,474,455,2020/03/12 08:58:24
5901150128,新興藥局,臺北市士林區德行西路１１７號,(02)28362643,510,1366,2020/03/12 08:58:24
5901150146,坤成泰藥局,臺北市士林區大南路４１２號,(02)28813903,588,1781,2020/03/12 08:58:24
5901150235,杏城藥局,臺北市士林區天母東路２４號,(02)28725144,0,50,2020/03/12 08:58:24
5901150244,佳赫藥局,臺北市士林區文昌路４４號,(02)28367202,279,455,2020/03/12 08:58:24
5901150253,文祥藥局,臺北市士林區光華路２６巷２弄２號,(02)28623487,475,2746,2020/03/12 08:58:24
5901150271,建芳藥局,臺北市士林區德行東路１４８號,(02)28357172,0,1826,2020/03/12 08:58:24
5901150280,慈航藥局,臺北市士林區文林路４４１號,(02)28815988,297,195,2020/03/12 08:58:24
5901150342,士林三安藥局,臺北市士林區大南路１１號,(02)28812631,0,2334,2020/03/12 08:58:24
5901150351,啟宏藥局,臺北市士林區大東路９０－１號１樓,(02)28825811,600,1413,2020/03/12 08:58:24
5901150397,博惠藥局,臺北市士林區華榮街１６號,(02)28320379,0,3017,2020/03/12 08:58:24
5901150459,有德堂大藥局,臺北市士林區中山北路６段２２７號,(02)28318387,0,2219,2020/03/12 08:58:24
5901150468,太安藥局,臺北市士林區延平北路５段１５７號,(02)28111468,288,1917,2020/03/12 08:58:24
5901150511,三原藥局,臺北市士林區延平北路５段２９３號,(02)28111888,240,1235,2020/03/12 08:58:24
5901150548,田倉藥局,臺北市士林區士東路１２４號,(02)88662188,0,1612,2020/03/12 08:58:24
5901150575,日康藥局,臺北市士林區士東路１２號１樓,(02)28358558,0,1563,2020/03/12 08:58:24
5901150593,安寧藥局,臺北市士林區劍潭路９１號,(02)28803319,522,1380,2020/03/12 08:58:24
5901150600,環安藥局,臺北市士林區大南路２４４號１樓,(02)28828478,0,1180,2020/03/12 08:58:24
5901150682,加赫藥局,臺北市士林區文昌路７６號,(02)28336362,396,968,2020/03/12 08:58:24
5901150762,麗森藥局,臺北市士林區天母西路５１號,(02)28714152,0,25,2020/03/12 08:58:24
5901150771,天母大和藥師藥局,臺北市士林區德行東路１８９－１號１樓,(02)28310142,0,1604,2020/03/12 08:58:24
5901150815,陽明藥局,臺北市士林區菁山路１０號１樓,(02)28612863,0,3051,2020/03/12 08:58:24
5901151956,康鈺藥局,臺北市士林區德行東路１３３號１樓,(02)28313915,600,2016,2020/03/12 08:58:24
5901152024,今欣藥局,臺北市士林區天母西路４１巷９號１樓,(02)28713129,0,5,2020/03/12 08:58:24
5901152051,士新藥局,臺北市士林區文昌路６２號,(02)28331332,0,289,2020/03/12 08:58:24
5901152079,資生堂藥局,臺北市士林區承德路４段４０巷１７號１Ｆ,(02)28857588,0,1130,2020/03/12 08:58:24
5901152122,社子全民藥局,臺北市士林區延平北路５段１２０號,(02)28127412,597,2140,2020/03/12 08:58:24
5901152131,康華藥局,臺北市士林區中山北路７段１４巷２號２樓,(02)28743223,0,2320,2020/03/12 08:58:24
5901152186,詠恩藥局,臺北市士林區延平北路５段３１６號１樓,(02)28119479,0,2707,2020/03/12 08:58:24
5901152293,安泰藥師藥局,臺北市士林區延平北路六段８３號（實際使用：１、２樓）,(02)28166977,0,747,2020/03/12 08:58:24
5901152453,家赫藥局,臺北市士林區忠義街８０號１樓,(02)28346453,297,1121,2020/03/12 08:58:24
5901152471,得安藥局,臺北市士林區文林路１４０號,(02)28836336,0,3044,2020/03/12 08:58:24
5901152604,達揚藥局,臺北市士林區社正路３６號１樓,(02)88115559,0,180,2020/03/12 08:58:24
5901152640,仁大藥局,臺北市士林區社子街１３號１樓,(02)88113793,368,2390,2020/03/12 08:58:24
5901152659,和樹藥局,臺北市士林區後港街４５巷１號１樓,(02)28821188,0,182,2020/03/12 08:58:24
5901152686,三光藥局,臺北市士林區延平北路５段３２０號１樓,(02)28123786,417,2250,2020/03/12 08:58:24
5901152720,博信藥局,臺北市士林區延平北路６段６１號,(02)28128295,0,110,2020/03/12 08:58:24
5901152739,芳圓藥局,臺北市士林區社子街２６－１號,(02)28168666,0,1666,2020/03/12 08:58:24
5901152748,柏雅大藥局,臺北市士林區德行西路６４號,(02)88664398,0,115,2020/03/12 08:58:24
5901152793,信光藥局,臺北市士林區文昌路６８號,(02)28366277,0,1463,2020/03/12 08:58:24
5901152837,文昌大藥局,臺北市士林區文昌路７２號,(02)28376196,492,2633,2020/03/12 08:58:24
5901152873,幸福藥局,臺北市士林區德行東路１０９巷８號,(02)28346650,0,910,2020/03/12 08:58:24
5901152882,天爵藥局,臺北市士林區中山北路６段４５０巷１號,(02)28733759,0,2347,2020/03/12 08:58:24
5901152971,石川藥師藥局,臺北市士林區忠義街７０號,(02)28385850,600,1642,2020/03/12 08:58:24
5901153058,誼安藥局,臺北市士林區通河街４２號,(02)28851899,0,2402,2020/03/12 08:58:24
5901153101,聖賢藥局,臺北市士林區士商路５８號,(02)28833046,69,1006,2020/03/12 08:58:24
5901153110,美麗田藥局,臺北市士林區通河街７８號,(02)28855990,0,831,2020/03/12 08:58:24
5901153245,大東健保藥局,臺北市士林區大東路８６－４號,(02)28834672,600,2274,2020/03/12 08:58:24
5901153263,健揚藥局,臺北市士林區延平北路５段２５１號,(02)28163698,0,344,2020/03/12 08:58:24
5901153272,光榮藥局,臺北市士林區社中街１１８號,(02)28136060,12,150,2020/03/12 08:58:24
5901153325,天母康甯健保藥局,臺北市士林區克強路８號,(02)28366631,0,1235,2020/03/12 08:58:24
5901153405,社正藥局,臺北市士林區社正路１２號,(02)28118704,597,1690,2020/03/12 08:58:24
5901153432,大南春天生活藥局,臺北市士林區大南路３１７、３１９號,(02)28882196,0,305,2020/03/12 08:58:24
5901153487,和謙藥局,臺北市士林區社中街３６２號,(02)28165678,0,840,2020/03/12 08:58:24
5901153496,躍獅忠誠藥局,臺北市士林區忠義街７０號,(02)28387948,0,742,2020/03/12 08:58:24
5901153503,祥新藥局,臺北市士林區社子街６５號,(02)28110906,0,2460,2020/03/12 08:58:24
5901153521,天母台安藥局,臺北市士林區天母西路３４號,(02)28728017,2,1,2020/03/12 08:58:24
5901153567,華齡春天生活藥局,臺北市士林區華齡街３６、３８號,(02)28882156,0,315,2020/03/12 08:58:24
5901153585,德行春天生活藥局,臺北市士林區德行東路７６號,(02)28380306,0,19,2020/03/12 08:58:24
5901153610,家安健保藥局,臺北市士林區德行東路１０９巷１１９號,(02)28322182,0,165,2020/03/12 08:58:24
5901153656,德行盛康藥局,臺北市士林區德行東路２０６之１號,(02)28348756,0,762,2020/03/12 08:58:24
5901153665,康佑藥局,臺北市士林區延平北路５段１７６號,(02)28119981,0,2051,2020/03/12 08:58:24
5901153674,愛佳藥局,臺北市士林區承德路４段２２２之１號,(02)28811199,0,635,2020/03/12 08:58:24
5901153683,安奕藥局,臺北市士林區葫蘆街３０巷１２號,(02)28133289,0,1878,2020/03/12 08:58:24
5901153709,全予藥局,臺北市士林區德行東路２２１號,(02)28386955,0,738,2020/03/12 08:58:24
5901153727,前港盛康藥局,臺北市士林區前港街２８號,(02)28831079,597,145,2020/03/12 08:58:24
5901153745,藥本家藥局,臺北市士林區中山北路７段１４巷２６號,(02)28766682,0,521,2020/03/12 08:58:24
5901153781,文林生活健保藥局,臺北市士林區文林路５６２號（實際使用：１樓）,(02)28381971,0,72,2020/03/12 08:58:24
5901153790,天母盛康藥局,臺北市士林區天母東路８巷８４號,(02)28720208,0,310,2020/03/12 08:58:24
5901153807,中山盛康藥局,臺北市士林區中山北路７段１６２號,(02)28771887,600,205,2020/03/12 08:58:24
5901153816,士東台安藥局,臺北市士林區士東路８６之２號（實際使用：１樓）,(02)28315667,0,384,2020/03/12 08:58:24
5901153825,太和堂中西藥局,臺北市士林區大東路７４號（實際使用：１樓）,(02)28814122,319,1059,2020/03/12 08:58:24
5901153852,躍獅芝山藥局,臺北市士林區福華路１５４號（實際使用：１樓）,(02)28365822,0,929,2020/03/12 08:58:24
5901153861,佩佩藥局,臺北市士林區中山北路６段１８２號,(02)28382662,204,706,2020/03/12 08:58:24
5901153870,容育藥局,臺北市士林區延平北路６段８號（實際使用：１樓）,(02)28113680,283,809,2020/03/12 08:58:24
5901153889,新光維康藥局,臺北市士林區基河路２５０之３號（實際使用：１樓）,(02)28801011,0,1252,2020/03/12 08:58:24
5901153898,文林生活健保藥局,臺北市士林區文林路５６２號（實際使用：１樓）,(02)28381971,426,845,2020/03/12 08:58:24
5901160044,石牌藥局,臺北市北投區石牌路１段４９號,(02)28214986,0,573,2020/03/12 08:58:24
5901160053,天蓮藥局,臺北市北投區石牌路１段１６６巷１１５號,(02)28211824,329,1463,2020/03/12 08:58:24
5901160062,丸三大藥局,臺北市北投區自強街１０５號,(02)28230637,600,1209,2020/03/12 08:58:24
5901160099,進春藥局,臺北市北投區明德路１５１號,(02)28216938,496,1775,2020/03/12 08:58:24
5901160142,德昇藥局,臺北市北投區裕民二路２０號,(02)28217565,0,1329,2020/03/12 08:58:24
5901160197,川秀藥局,臺北市北投區石牌路２段９９巷９號１樓,(02)28270702,0,316,2020/03/12 08:58:24
5901160222,新祥藥局,臺北市北投區知行路２０８號－１,(02)28582551,3,1284,2020/03/12 08:58:24
5901160277,建民藥局,臺北市北投區光明路１６１號,(02)28912339,0,977,2020/03/12 08:58:24
5901160286,昌源藥局,臺北市北投區中央北路４段４８５號,(02)28928695,595,283,2020/03/12 08:58:24
5901160320,益元藥局,臺北市北投區光明路１０６號,(02)28912675,0,2774,2020/03/12 08:58:24
5901160400,世全藥局,臺北市北投區知行路２７３號,(02)28585378,6,2921,2020/03/12 08:58:24
5901160428,九福藥局,臺北市北投區公館路２３６號,(02)28953009,1,108,2020/03/12 08:58:24
5901160517,弘安藥局,臺北市北投區懷德街３３號１樓,(02)28206390,0,1571,2020/03/12 08:58:24
5901160544,黎明藥局,臺北市北投區尊賢街２５３－１號,(02)28223795,600,1965,2020/03/12 08:58:24
5901160562,名山藥局,臺北市北投區東陽街４７５號１樓,(02)28226101,467,2259,2020/03/12 08:58:24
5901160704,明華藥局,臺北市北投區清江路８號（實際使用：１樓）,(02)28971056,0,95,2020/03/12 08:58:24
5901160802,美康藥局,臺北市北投區明德路９０號１樓,(02)28281176,0,922,2020/03/12 08:58:24
5901161890,良興藥局,臺北市北投區中和街２８６號,(02)28933360,0,2337,2020/03/12 08:58:24
5901161934,康揚藥局,臺北市北投區中和街３２２號,(02)28946520,0,20,2020/03/12 08:58:24
5901161961,聯合藥局,臺北市北投區石牌路１段２３號,(02)28270306,600,3039,2020/03/12 08:58:24
5901161998,玉山藥局,臺北市北投區光明路１４５號,(02)28956236,594,1891,2020/03/12 08:58:24
5901162002,實踐藥局,臺北市北投區實踐街１３號,(02)28276616,0,2892,2020/03/12 08:58:24
5901162066,嘉禾大藥局,臺北市北投區中和街２６４號,(02)28984758,0,275,2020/03/12 08:58:24
5901162119,祐鄰藥局,臺北市北投區尊賢街２５０號,(02)28281232,0,1430,2020/03/12 08:58:24
5901162173,小明藥局,臺北市北投區中央南路１段６９號２樓,(02)28928950,249,728,2020/03/12 08:58:24
5901162182,祐民藥局,臺北市北投區中央南路１段２０９號１樓,(02)28975339,600,856,2020/03/12 08:58:24
5901162306,上頤藥局,臺北市北投區中和街３２７號１樓,(02)28981230,0,798,2020/03/12 08:58:24
5901162459,國泰藥師藥局,臺北市北投區自強街１３９－１號,(02)28223995,0,578,2020/03/12 08:58:24
5901162477,長宜藥局,臺北市北投區自強街１１２號,(02)28216605,0,1936,2020/03/12 08:58:24
5901162520,妮妮藥局,臺北市北投區中央南路１段１８７號,(02)28948067,1,2066,2020/03/12 08:58:24
5901162780,康賢藥局,臺北市北投區西安街１段３５９號,(02)28219295,600,1246,2020/03/12 08:58:24
5901162806,大家藥局,臺北市北投區光明路１８２號,(02)28959000,549,1246,2020/03/12 08:58:24
5901162815,天康大藥局,臺北市北投區中央南路１段５７號,(02)28930168,0,969,2020/03/12 08:58:24
5901162833,維康藥局,臺北市北投區石牌路２段１９１．１９３號,(02)28206343,567,967,2020/03/12 08:58:24
5901162879,杏嘉藥局,臺北市北投區清江路６８號,(02)28982340,201,320,2020/03/12 08:58:24
5901163027,躍獅光明藥局,臺北市北投區光明路５１、５３號,(02)28915993,0,95,2020/03/12 08:58:24
5901163107,小豬藥局,臺北市北投區石牌路１段１６６巷８３號,(02)28217099,0,1762,2020/03/12 08:58:24
5901163152,石牌健康人生藥局,臺北市北投區石牌路２段１８７號,(02)28225169,600,2325,2020/03/12 08:58:24
5901163214,鴻恩藥局,臺北市北投區中央南路１段１２９號,(02)28926410,1,1079,2020/03/12 08:58:24
5901163241,昱仁藥局,臺北市北投區光明路１０２號２樓,(02)28979050,1,1841,2020/03/12 08:58:24
5901163250,關渡松藥局,臺北市北投區知行路２４７號,(02)28584824,0,1525,2020/03/12 08:58:24
5901163269,佳祈健保藥局,臺北市北投區明德路１４４號,(02)28232535,0,639,2020/03/12 08:58:24
5901163296,天禧大藥局,臺北市北投區實踐街３５號,(02)28213558,0,649,2020/03/12 08:58:24
5901163312,秝安藥局,臺北市北投區石牌路１段６９號（實際使用：１樓）,(02)28215399,0,2700,2020/03/12 08:58:24
5901163330,萬信藥局,臺北市北投區知行路３０５號（實際使用１樓）,(02)28583083,81,594,2020/03/12 08:58:24
5901163376,北投春天藥局,臺北市北投區中央南路１段７６號,(02)28916668,0,155,2020/03/12 08:58:24
5901163394,致遠春天藥局,臺北市北投區致遠一路１段１３２號１、２樓,(02)28253258,0,681,2020/03/12 08:58:24
5901163410,尊賢藥局,臺北市北投區尊賢街２１２號,(02)28270505,0,1453,2020/03/12 08:58:24
5901163429,致遠盛康藥局,臺北市北投區致遠二路１４１號,(02)28263580,0,796,2020/03/12 08:58:24
5901163438,漢藥局,臺北市北投區吉利街１４６號,(02)28236598,558,1259,2020/03/12 08:58:24
5901163465,振生大藥局,臺北市北投區中央北路３段６１號,(02)28977292,411,20,2020/03/12 08:58:24
5901163474,怡人藥局,臺北市北投區自強街１６８號,(02)28211598,0,2499,2020/03/12 08:58:24
5901163483,天富大藥局,臺北市北投區石牌路２段１７１號１、２樓,(02)28225812,600,3412,2020/03/12 08:58:24
5901163492,全家藥粧藥局,臺北市北投區光明路１６６－２號,(02)28988685,303,707,2020/03/12 08:58:24
5901163518,生活藥局,臺北市北投區光明路２１３號,(02)28933312,10,1420,2020/03/12 08:58:24
5901163527,理得藥局,臺北市北投區石牌路１段１５０號,(02)28289680,86,1140,2020/03/12 08:58:24
5901170022,良美藥局,臺北市信義區福德街２６８巷３７號,(02)27593659,490,2678,2020/03/12 08:58:24
5901170040,惠群藥局,臺北市信義區忠孝東路４段５５９巷３８號,(02)27679234,0,507,2020/03/12 08:58:24
5901170059,必欣藥局,臺北市信義區松仁路２６４號,(02)27225060,567,2052,2020/03/12 08:58:24
5901170139,福華藥局,臺北市信義區吳興街２８１巷３號１樓,(02)27208527,0,3319,2020/03/12 08:58:24
5901170184,臺陽藥局,臺北市信義區大道路６１號,(02)27283403,618,1833,2020/03/12 08:58:24
5901170255,松隆藥局,臺北市信義區虎林街６５號,(02)27684033,0,1992,2020/03/12 08:58:24
5901170264,杏康藥局,臺北市信義區忠孝東路５段３７２巷２７弄６８－２號１Ｆ,(02)23457422,2,2307,2020/03/12 08:58:24
5901170335,慧生藥局,臺北市信義區松山路３１０號,(02)27647138,564,3065,2020/03/12 08:58:24
5901170399,文豐藥局,臺北市信義區松山路５４３號－１,(02)27272709,588,1641,2020/03/12 08:58:24
5901170406,鼎泰藥局,臺北市信義區基隆路１段１５５號１樓,(02)27620617,0,130,2020/03/12 08:58:24
5901170433,松山大藥局,臺北市信義區永吉路４３６號,(02)27620624,1,1037,2020/03/12 08:58:24
5901170442,大順安藥局,臺北市信義區吳興街８４號,(02)27360639,303,20,2020/03/12 08:58:24
5901170648,立信藥局,臺北市信義區松山路４０３號,(02)27687754,0,2257,2020/03/12 08:58:24
5901170906,吳興藥局,臺北市信義區吳興街２７９號１樓,(02)27208328,0,1507,2020/03/12 08:58:24
5901170915,杏仁藥局,臺北市信義區大道路１３５號,(02)27262541,0,2947,2020/03/12 08:58:24
5901172071,百康藥局,臺北市信義區基隆路２段１３１之２０號,(02)27364377,0,2090,2020/03/12 08:58:24
5901172160,佑華藥局,臺北市信義區忠孝東路５段５０８－４號１樓,(02)27595719,0,1601,2020/03/12 08:58:24
5901172179,新和平藥局,臺北市信義區虎林街１９８號１樓,(02)23460951,0,2385,2020/03/12 08:58:24
5901172197,得揚藥局,臺北市信義區忠孝東路５段４５２號１樓,(02)87884667,303,2469,2020/03/12 08:58:24
5901172213,華泰藥局,臺北市信義區虎林街８２巷５號,(02)27601992,0,2655,2020/03/12 08:58:24
5901172240,德康大藥局,臺北市信義區松山路５４１巷２１號,(02)27272502,0,1216,2020/03/12 08:58:24
5901172268,皇佳大藥局,臺北市信義區松山路５４１巷１９號,(02)27269868,0,737,2020/03/12 08:58:24
5901172508,好康藥局,臺北市信義區莊敬路４１４號,(02)27232979,0,378,2020/03/12 08:58:24
5901172544,麗中藥局,臺北市信義區福德街２１７號,(02)27594416,348,1191,2020/03/12 08:58:24
5901172580,文興藥局,臺北市信義區福德街２４５號,(02)27590989,0,2140,2020/03/12 08:58:24
5901172651,康杏藥局,臺北市信義區福德街３０６號１樓,(02)27591510,0,1304,2020/03/12 08:58:24
5901172688,昆陽藥局,臺北市信義區林口街２３０號,(02)27274814,597,2556,2020/03/12 08:58:24
5901172697,綠杏大藥局,臺北市信義區吳興街２４１號,(02)27582378,600,1106,2020/03/12 08:58:24
5901172704,鴻濟藥局,臺北市信義區永吉路３２６巷２號１樓,(02)27645331,0,2095,2020/03/12 08:58:24
5901172740,信桉藥局,臺北市信義區莊敬路２３６號,(02)87860005,0,807,2020/03/12 08:58:24
5901172786,安佑藥局,臺北市信義區吳興街２４７號１樓,(02)27222236,0,1788,2020/03/12 08:58:24
5901172820,安心藥局,臺北市信義區永吉路３０巷１４８弄４之１號,(02)27474992,0,987,2020/03/12 08:58:24
5901172839,九州藥局,臺北市信義區和平東路３段２３９號,(02)87323331,600,2298,2020/03/12 08:58:24
5901172857,永吉藥局,臺北市信義區永吉路２１３號,(02)87874043,0,2822,2020/03/12 08:58:24
5901172924,松仁藥局,臺北市信義區松仁路２３３號,(02)27238626,0,2235,2020/03/12 08:58:24
5901172933,喜樂藥局,臺北市信義區松德路１２５號,(02)27275797,97,722,2020/03/12 08:58:24
5901172964,榮泰藥局,臺北市信義區光復南路４１９巷１９號,(02)77296777,72,985,2020/03/12 08:58:24
5901173041,皇昇大藥局,臺北市信義區松山路２１０號１樓,(02)27663488,0,2231,2020/03/12 08:58:24
5901173050,貴臨藥局,臺北市信義區永吉路３２６巷１９號,(02)27493768,0,2240,2020/03/12 08:58:24
5901173176,三立藥局,臺北市信義區忠孝東路５段４９２巷３４號,(02)27271401,0,2426,2020/03/12 08:58:24
5901173201,大鳥藥局,臺北市信義區莊敬路３５４號,(02)23455025,212,2174,2020/03/12 08:58:24
5901173210,濟生中西藥局,臺北市信義區崇德街４１號,(02)27358452,0,1350,2020/03/12 08:58:24
5901173238,正和藥局,臺北市信義區吳興街２２５巷６號,(02)23455186,0,1856,2020/03/12 08:58:24
5901173283,上禾藥師藥局,臺北市信義區林口街２７號,(02)27592686,0,2501,2020/03/12 08:58:24
5901173292,荐荃藥師藥局,臺北市信義區虎林街６８之３號,(02)27492866,0,2669,2020/03/12 08:58:24
5901173372,新永春藥局,臺北市信義區忠孝東路５段４２３巷１號,(02)27667385,0,1887,2020/03/12 08:58:24
5901173390,馨馨藥局,臺北市信義區虎林街８２巷１９號,(02)27491208,442,2659,2020/03/12 08:58:24
5901173407,康怡健保藥局,臺北市信義區吳興街４６７巷２弄１２號,(02)27206193,0,2422,2020/03/12 08:58:24
5901173498,御安藥局,臺北市信義區和平東路３段３５９號,(02)27323997,0,2611,2020/03/12 08:58:24
5901173587,新興健保藥局,臺北市信義區永吉路３０巷１１３號,(02)27494892,0,562,2020/03/12 08:58:24
5901173603,松德盛康藥局,臺北市信義區松德路４０號,(02)87891622,600,59,2020/03/12 08:58:24
5901173658,杏一永春藥局,臺北市信義區松山路２９２巷１７號,(02)27495938,595,3269,2020/03/12 08:58:24
5901173676,杏一光復藥局,臺北市信義區光復南路４４９之１號,(02)87804626,0,1927,2020/03/12 08:58:24
5901173685,富熙仁康藥局,臺北市信義區松仁路２６０號,(02)27587608,300,187,2020/03/12 08:58:24
5901173694,洪暘藥局,臺北市信義區富陽街８６號,(02)27337099,0,1070,2020/03/12 08:58:24
5901173701,壹間藥師藥局,臺北市信義區虎林街１２０巷１４８號,(02)27672833,0,1546,2020/03/12 08:58:24
5901173710,專品光復藥局,臺北市信義區光復南路４６７之１號,(02)27586682,0,718,2020/03/12 08:58:24
5901173729,康健信安藥局,臺北市信義區信安街１５１號,(02)87324166,0,2387,2020/03/12 08:58:24
5901173738,尚頤中西藥局,臺北市信義區虎林街１４５號,(02)27253818,0,2424,2020/03/12 08:58:24
5901173747,躍獅興雅藥局,臺北市信義區松德路１２８號,(02)87808429,0,2245,2020/03/12 08:58:24
5901173756,信義盛康藥局,臺北市信義區永吉路２８６號,(02)23460521,0,1195,2020/03/12 08:58:24
5901173765,上好藥師藥局,臺北市信義區永吉路３０巷１０１弄４８號,(02)27677088,567,1147,2020/03/12 08:58:24
5901173774,立赫北醫藥局,臺北市信義區吳興街１１８巷２６弄１７號,(02)27320100,2,1110,2020/03/12 08:58:24
5901173783,北一健康人生藥局,臺北市信義區吳興街２５５號,(02)27583945,0,2183,2020/03/12 08:58:24
5901173792,柏愛藥局,臺北市信義區基隆路２段１３１之９號,(02)27325472,0,1735,2020/03/12 08:58:24
5901173809,愛維喜藥局,臺北市信義區莊敬路２７８號,(02)27586989,0,2667,2020/03/12 08:58:24
5901173818,博亞藥局,臺北市信義區莊敬路４６２號,(02)27580506,55,1040,2020/03/12 08:58:24
5901173827,松美藥局,臺北市信義區市民大道６段３２０號（實際營業地址：１樓）,(02)27651099,750,1717,2020/03/12 08:58:24
5901173836,艾登市府藥局,臺北市信義區忠孝東路５段１５巷１１號,(02)27679761,108,340,2020/03/12 08:58:24
5901180037,崇信藥局,臺北市中正區齊東街８８號,(02)23417557,561,1687,2020/03/12 08:58:24
5901180055,日生大藥局,臺北市中正區汀州路１段５３號１樓,(02)23031393,414,2464,2020/03/12 08:58:24
5901180108,三元藥局,臺北市中正區三元街１５８號,(02)23052839,39,2594,2020/03/12 08:58:24
5901180126,民生藥局,臺北市中正區濟南路２段４５－１號１樓,(02)23416470,591,1078,2020/03/12 08:58:24
5901180162,濟仁藥局,臺北市中正區濟南路２段２２號,(02)23514576,0,1117,2020/03/12 08:58:24
5901180206,大安藥局,臺北市中正區新生南路１段１０６號,(02)23213186,0,20,2020/03/12 08:58:24
5901180215,上海聯合藥局,臺北市中正區衡陽路３２號１樓,(02)23117744,435,798,2020/03/12 08:58:24
5901180224,中心藥局,臺北市中正區汀州路３段１２１號,(02)23689889,1,1400,2020/03/12 08:58:24
5901180304,祥全藥局,臺北市中正區信義路２段７９巷１５－８號１Ｆ,(02)23939339,0,2915,2020/03/12 08:58:24
5901180322,南昌大藥局,臺北市中正區南昌路１段８６號１樓,(02)23510322,0,1075,2020/03/12 08:58:24
5901180368,古亭藥局,臺北市中正區汀州路３段１１７號,(02)23683618,0,2193,2020/03/12 08:58:24
5901182031,新獻安藥局,臺北市中正區羅斯福路１段１５號,(02)23519891,600,1777,2020/03/12 08:58:24
5901182068,永興藥局,臺北市中正區汀州路１段９２巷２８號,(02)23050986,573,2477,2020/03/12 08:58:24
5901182086,國杏藥師示範藥局,臺北市中正區延平南路１７１巷３號,(02)23811322,0,1483,2020/03/12 08:58:24
5901182111,東華藥局,臺北市中正區汀州路３段１１３號,(02)23640852,0,1884,2020/03/12 08:58:24
5901182219,連雲藥局,臺北市中正區連雲街７９號,(02)23410504,600,871,2020/03/12 08:58:24
5901182228,合泰大藥局,臺北市中正區衡陽路２６號,(02)23899977,0,103,2020/03/12 08:58:24
5901182255,全民藥局,臺北市中正區廈門街８７號,(02)23695759,34,1389,2020/03/12 08:58:24
5901183323,和平藥局,臺北市中正區中華路２段４３號,(02)23755303,16,2384,2020/03/12 08:58:24
5901183387,丞良藥局,臺北市中正區南昌路１段７８號地下１樓,(02)33938868,0,2407,2020/03/12 08:58:24
5901183396,慶安藥局,臺北市中正區徐州路２６號,(02)23582385,0,1114,2020/03/12 08:58:24
5901183510,怡誠藥局,臺北市中正區汀州路２段２１２號,(02)23626905,0,2330,2020/03/12 08:58:24
5901183529,達昌藥局,臺北市中正區汀州路１段２０７號,(02)23390109,0,2291,2020/03/12 08:58:24
5901183645,大愛生活藥局,臺北市中正區汀州路２段２３２號,(02)23661155,0,313,2020/03/12 08:58:24
5901183672,博昇藥局,臺北市中正區連雲街７２號,(02)23581898,576,36,2020/03/12 08:58:24
5901183716,台醫藥局,臺北市中正區公園路３０巷４號,(02)23141202,0,1743,2020/03/12 08:58:24
5901183789,佑康大藥局,臺北市中正區汀州路２段６４號,(02)23683602,0,1479,2020/03/12 08:58:24
5901183798,佳和藥局,臺北市中正區黎明里公園路３０號,(02)23117102,0,791,2020/03/12 08:58:24
5901183823,南昌健康人生藥局,臺北市中正區南昌路１段１５３號,(02)23969382,0,1649,2020/03/12 08:58:24
5901183887,中英大藥局,臺北市中正區永綏街６號,(02)23615654,0,1114,2020/03/12 08:58:24
5901183896,琪基藥局,臺北市中正區杭州南路１段８９號,(02)23414988,0,625,2020/03/12 08:58:24
5901183985,正康藥局,臺北市中正區漢口街１段２２號,(02)23712831,0,1384,2020/03/12 08:58:24
5901184062,建祥武昌藥局,臺北市中正區武昌街１段２９號１樓,(02)23314038,0,6,2020/03/12 08:58:24
5901184071,進達健保藥局,臺北市中正區中華路２段４５３號,(02)23039829,451,2179,2020/03/12 08:58:24
5901184080,活力健康藥妝藥局,臺北市中正區中華路２段３１５巷１號,(02)23392625,0,1199,2020/03/12 08:58:24
5901184106,信康藥局,臺北市中正區南昌路１段１４３號,(02)23961979,0,163,2020/03/12 08:58:24
5901184142,新三醫藥局,臺北市中正區汀州路３段１２５號,(02)23648180,2,1898,2020/03/12 08:58:24
5901184179,保德中華藥局,臺北市中正區中華路２段１５９號,(02)23027720,2,1758,2020/03/12 08:58:24
5901184213,71恩典藥局,臺北市中正區信義路２段７１號,(02)23223371,0,1691,2020/03/12 08:58:24
5901184222,豐仁藥局,臺北市中正區寧波西街１６１號,(02)23033908,0,2250,2020/03/12 08:58:24
5901184240,立赫健保藥局,臺北市中正區新生南路１段１６之２號,(02)33223231,0,1207,2020/03/12 08:58:24
5901184259,汀州健康人生藥局,臺北市中正區汀州路３段２１１號,(02)23688902,0,2335,2020/03/12 08:58:24
5901184366,宏越藥局,臺北市中正區中華路２段３１３巷４號,(02)23050880,0,2662,2020/03/12 08:58:24
5901184375,大盛藥局,臺北市中正區中華路１段２１巷１６號,(02)23713838,0,1442,2020/03/12 08:58:24
5901184437,安藤健保調劑藥局,臺北市中正區南昌路１段１３０號、１３２號,(02)23962120,254,1597,2020/03/12 08:58:24
5901184446,北車維康藥局,臺北市中正區青島西路７號,(02)23613623,25,364,2020/03/12 08:58:24
5901184455,躍獅南寧藥局,臺北市中正區南昌路１段８１號,(02)23967072,0,34,2020/03/12 08:58:24
5901184464,和眾藥局,臺北市中正區忠孝西路１段６號,(02)23818766,576,1754,2020/03/12 08:58:24
5901184473,中力藥局,臺北市中正區襄陽路１３之５號、１５號,(02)23313768,600,1335,2020/03/12 08:58:24
5901184491,躍獅南門藥局,臺北市中正區中華路２段３９巷１０號,(02)23141111,42,584,2020/03/12 08:58:24
5901184517,躍獅東門藥局,臺北市中正區金山南路１段１０８之１號,(02)23920339,0,956,2020/03/12 08:58:24
5901184535,桐心藥局,臺北市中正區金華街１８之６號１樓,(02)23581663,220,953,2020/03/12 08:58:24
5901190024,長泰藥局,臺北市萬華區西園路２段２８０號,(02)23012869,0,1903,2020/03/12 08:58:24
5901190033,世欣藥局,臺北市萬華區東園街１７３號１Ｆ,(02)23074263,108,3242,2020/03/12 08:58:24
5901190042,裕和藥局,臺北市萬華區萬大路１１５、１１７號,(02)23063219,0,1862,2020/03/12 08:58:24
5901190060,秀全藥局,臺北市萬華區開封街２段６６－３號,(02)23811357,0,1492,2020/03/12 08:58:24
5901190079,建和藥局,臺北市萬華區青年路１６８巷４４號,(02)23010838,809,1948,2020/03/12 08:58:24
5901190104,大嘉藥局,臺北市萬華區梧州街６０號,(02)23084402,0,3087,2020/03/12 08:58:24
5901190177,信昌藥局,臺北市萬華區長泰街３６號１樓,(02)23054898,0,1742,2020/03/12 08:58:24
5901190211,民和藥局,臺北市萬華區民和街５號１樓,(02)23038134,255,25,2020/03/12 08:58:24
5901190220,生活大藥局,臺北市萬華區貴陽街２段１２４號,(02)23618609,0,1081,2020/03/12 08:58:24
5901190284,民鈺藥局,臺北市萬華區環河南路２段１３９號１樓,(02)23084270,0,2185,2020/03/12 08:58:24
5901190408,您永安藥局,臺北市萬華區昆明街１６２號,(02)23317119,0,1150,2020/03/12 08:58:24
5901190426,皇祥藥局,臺北市萬華區萬青街１６５號１樓,(02)23375676,0,2079,2020/03/12 08:58:24
5901190444,安聖藥局,臺北市萬華區西園路２段２５６號１Ｆ,(02)23037620,0,1383,2020/03/12 08:58:24
5901190515,日昇藥局,臺北市萬華區廣州街１２４號,(02)23062975,2,3201,2020/03/12 08:58:24
5901190668,聯慶大藥局,臺北市萬華區萬大路３０６號１樓,(02)23039850,536,2729,2020/03/12 08:58:24
5901190686,信義藥局,臺北市萬華區青年路２８號,(02)23074599,0,687,2020/03/12 08:58:24
5901190695,益源藥局,臺北市萬華區大理街１６０巷２６弄２號,(02)23087321,474,915,2020/03/12 08:58:24
5901190784,欣安藥局,臺北市萬華區東園街１９０、１９２號,(02)23327830,0,50,2020/03/12 08:58:24
5901192064,三源藥局,臺北市萬華區康定路１９７號,(02)23022111,0,2295,2020/03/12 08:58:24
5901192126,恩達藥局,臺北市萬華區梧州街６４號,(02)23024467,0,3513,2020/03/12 08:58:24
5901192144,健華藥局,臺北市萬華區康定路３２８號,(02)23063083,0,2929,2020/03/12 08:58:24
5901192153,永康大藥局,臺北市萬華區桂林路４９號,(02)23317675,0,2052,2020/03/12 08:58:24
5901192162,寶興大藥局,臺北市萬華區寶興街１１９號,(02)23013375,0,60,2020/03/12 08:58:24
5901192180,康之友藥局,臺北市萬華區青年路２０號,(02)23011598,0,2240,2020/03/12 08:58:24
5901192233,仁仁藥局,臺北市萬華區康定路２１９號,(02)23365545,477,1385,2020/03/12 08:58:24
5901192448,健誠大藥局,臺北市萬華區環河南路２段１８５號,(02)23042223,600,1099,2020/